from_agg_id,level_id,to_agg_id
1,1,1
5,1,1
2,1,2
6,1,2
3,1,3
7,1,3
4,1,4
8,1,4
9,1,5
13,1,5
10,1,6
14,1,6
11,1,7
15,1,7
12,1,8
16,1,8
17,1,9
21,1,9
18,1,10
22,1,10
19,1,11
23,1,11
20,1,12
24,1,12
25,1,13
29,1,13
26,1,14
30,1,14
27,1,15
31,1,15
28,1,16
32,1,16
33,1,17
37,1,17
34,1,18
38,1,18
35,1,19
39,1,19
36,1,20
40,1,20
41,1,21
45,1,21
42,1,22
46,1,22
43,1,23
47,1,23
44,1,24
48,1,24
49,1,25
53,1,25
50,1,26
54,1,26
51,1,27
55,1,27
52,1,28
56,1,28
57,1,29
61,1,29
58,1,30
62,1,30
59,1,31
63,1,31
60,1,32
64,1,32
65,1,33
69,1,33
66,1,34
70,1,34
67,1,35
71,1,35
68,1,36
72,1,36
73,1,37
77,1,37
74,1,38
78,1,38
75,1,39
79,1,39
76,1,40
80,1,40
81,1,41
85,1,41
82,1,42
86,1,42
83,1,43
87,1,43
84,1,44
88,1,44
89,1,45
93,1,45
90,1,46
94,1,46
91,1,47
95,1,47
92,1,48
96,1,48
97,1,49
101,1,49
98,1,50
102,1,50
99,1,51
103,1,51
100,1,52
104,1,52
105,1,53
109,1,53
106,1,54
110,1,54
107,1,55
111,1,55
108,1,56
112,1,56
113,1,57
117,1,57
114,1,58
118,1,58
115,1,59
119,1,59
116,1,60
120,1,60
121,1,61
125,1,61
122,1,62
126,1,62
123,1,63
127,1,63
124,1,64
128,1,64
129,1,65
133,1,65
130,1,66
134,1,66
131,1,67
135,1,67
132,1,68
136,1,68
137,1,69
141,1,69
138,1,70
142,1,70
139,1,71
143,1,71
140,1,72
144,1,72
145,1,73
149,1,73
146,1,74
150,1,74
147,1,75
151,1,75
148,1,76
152,1,76
153,1,77
157,1,77
154,1,78
158,1,78
155,1,79
159,1,79
156,1,80
160,1,80
161,1,81
165,1,81
162,1,82
166,1,82
163,1,83
167,1,83
164,1,84
168,1,84
169,1,85
173,1,85
170,1,86
174,1,86
171,1,87
175,1,87
172,1,88
176,1,88
177,1,89
181,1,89
178,1,90
182,1,90
179,1,91
183,1,91
180,1,92
184,1,92
185,1,93
189,1,93
186,1,94
190,1,94
187,1,95
191,1,95
188,1,96
192,1,96
193,1,97
197,1,97
194,1,98
198,1,98
195,1,99
199,1,99
196,1,100
200,1,100
201,1,101
205,1,101
202,1,102
206,1,102
203,1,103
207,1,103
204,1,104
208,1,104
209,1,105
213,1,105
210,1,106
214,1,106
211,1,107
215,1,107
212,1,108
216,1,108
217,1,109
221,1,109
218,1,110
222,1,110
219,1,111
223,1,111
220,1,112
224,1,112
225,1,113
229,1,113
226,1,114
230,1,114
227,1,115
231,1,115
228,1,116
232,1,116
233,1,117
237,1,117
234,1,118
238,1,118
235,1,119
239,1,119
236,1,120
240,1,120
241,1,121
245,1,121
242,1,122
246,1,122
243,1,123
247,1,123
244,1,124
248,1,124
249,1,125
253,1,125
250,1,126
254,1,126
251,1,127
255,1,127
252,1,128
256,1,128
257,1,129
261,1,129
258,1,130
262,1,130
259,1,131
263,1,131
260,1,132
264,1,132
265,1,133
269,1,133
266,1,134
270,1,134
267,1,135
271,1,135
268,1,136
272,1,136
273,1,137
277,1,137
274,1,138
278,1,138
275,1,139
279,1,139
276,1,140
280,1,140
281,1,141
285,1,141
282,1,142
286,1,142
283,1,143
287,1,143
284,1,144
288,1,144
289,1,145
293,1,145
290,1,146
294,1,146
291,1,147
295,1,147
292,1,148
296,1,148
297,1,149
301,1,149
298,1,150
302,1,150
299,1,151
303,1,151
300,1,152
304,1,152
305,1,153
309,1,153
306,1,154
310,1,154
307,1,155
311,1,155
308,1,156
312,1,156
313,1,157
317,1,157
314,1,158
318,1,158
315,1,159
319,1,159
316,1,160
320,1,160
321,1,161
325,1,161
322,1,162
326,1,162
323,1,163
327,1,163
324,1,164
328,1,164
329,1,165
333,1,165
330,1,166
334,1,166
331,1,167
335,1,167
332,1,168
336,1,168
337,1,169
341,1,169
338,1,170
342,1,170
339,1,171
343,1,171
340,1,172
344,1,172
345,1,173
349,1,173
346,1,174
350,1,174
347,1,175
351,1,175
348,1,176
352,1,176
353,1,177
357,1,177
354,1,178
358,1,178
355,1,179
359,1,179
356,1,180
360,1,180
361,1,181
365,1,181
362,1,182
366,1,182
363,1,183
367,1,183
364,1,184
368,1,184
369,1,185
373,1,185
370,1,186
374,1,186
371,1,187
375,1,187
372,1,188
376,1,188
377,1,189
381,1,189
378,1,190
382,1,190
379,1,191
383,1,191
380,1,192
384,1,192
385,1,193
389,1,193
386,1,194
390,1,194
387,1,195
391,1,195
388,1,196
392,1,196
393,1,197
397,1,197
394,1,198
398,1,198
395,1,199
399,1,199
396,1,200
400,1,200
401,1,201
405,1,201
402,1,202
406,1,202
403,1,203
407,1,203
404,1,204
408,1,204
409,1,205
413,1,205
410,1,206
414,1,206
411,1,207
415,1,207
412,1,208
416,1,208
417,1,209
421,1,209
418,1,210
422,1,210
419,1,211
423,1,211
420,1,212
424,1,212
425,1,213
429,1,213
426,1,214
430,1,214
427,1,215
431,1,215
428,1,216
432,1,216
433,1,217
437,1,217
434,1,218
438,1,218
435,1,219
439,1,219
436,1,220
440,1,220
441,1,221
445,1,221
442,1,222
446,1,222
443,1,223
447,1,223
444,1,224
448,1,224
449,1,225
453,1,225
450,1,226
454,1,226
451,1,227
455,1,227
452,1,228
456,1,228
457,1,229
461,1,229
458,1,230
462,1,230
459,1,231
463,1,231
460,1,232
464,1,232
465,1,233
469,1,233
466,1,234
470,1,234
467,1,235
471,1,235
468,1,236
472,1,236
473,1,237
477,1,237
474,1,238
478,1,238
475,1,239
479,1,239
476,1,240
480,1,240
481,1,241
485,1,241
482,1,242
486,1,242
483,1,243
487,1,243
484,1,244
488,1,244
489,1,245
493,1,245
490,1,246
494,1,246
491,1,247
495,1,247
492,1,248
496,1,248
497,1,249
501,1,249
498,1,250
502,1,250
499,1,251
503,1,251
500,1,252
504,1,252
505,1,253
509,1,253
506,1,254
510,1,254
507,1,255
511,1,255
508,1,256
512,1,256
513,1,257
517,1,257
514,1,258
518,1,258
515,1,259
519,1,259
516,1,260
520,1,260
521,1,261
525,1,261
522,1,262
526,1,262
523,1,263
527,1,263
524,1,264
528,1,264
529,1,265
533,1,265
530,1,266
534,1,266
531,1,267
535,1,267
532,1,268
536,1,268
537,1,269
541,1,269
538,1,270
542,1,270
539,1,271
543,1,271
540,1,272
544,1,272
545,1,273
549,1,273
546,1,274
550,1,274
547,1,275
551,1,275
548,1,276
552,1,276
553,1,277
557,1,277
554,1,278
558,1,278
555,1,279
559,1,279
556,1,280
560,1,280
561,1,281
565,1,281
562,1,282
566,1,282
563,1,283
567,1,283
564,1,284
568,1,284
569,1,285
573,1,285
570,1,286
574,1,286
571,1,287
575,1,287
572,1,288
576,1,288
577,1,289
581,1,289
578,1,290
582,1,290
579,1,291
583,1,291
580,1,292
584,1,292
585,1,293
589,1,293
586,1,294
590,1,294
587,1,295
591,1,295
588,1,296
592,1,296
593,1,297
597,1,297
594,1,298
598,1,298
595,1,299
599,1,299
596,1,300
600,1,300
601,1,301
605,1,301
602,1,302
606,1,302
603,1,303
607,1,303
604,1,304
608,1,304
609,1,305
613,1,305
610,1,306
614,1,306
611,1,307
615,1,307
612,1,308
616,1,308
617,1,309
621,1,309
618,1,310
622,1,310
619,1,311
623,1,311
620,1,312
624,1,312
625,1,313
629,1,313
626,1,314
630,1,314
627,1,315
631,1,315
628,1,316
632,1,316
633,1,317
637,1,317
634,1,318
638,1,318
635,1,319
639,1,319
636,1,320
640,1,320
641,1,321
645,1,321
642,1,322
646,1,322
643,1,323
647,1,323
644,1,324
648,1,324
649,1,325
653,1,325
650,1,326
654,1,326
651,1,327
655,1,327
652,1,328
656,1,328
657,1,329
661,1,329
658,1,330
662,1,330
659,1,331
663,1,331
660,1,332
664,1,332
665,1,333
669,1,333
666,1,334
670,1,334
667,1,335
671,1,335
668,1,336
672,1,336
673,1,337
677,1,337
674,1,338
678,1,338
675,1,339
679,1,339
676,1,340
680,1,340
681,1,341
685,1,341
682,1,342
686,1,342
683,1,343
687,1,343
684,1,344
688,1,344
689,1,345
693,1,345
690,1,346
694,1,346
691,1,347
695,1,347
692,1,348
696,1,348
697,1,349
701,1,349
698,1,350
702,1,350
699,1,351
703,1,351
700,1,352
704,1,352
705,1,353
709,1,353
706,1,354
710,1,354
707,1,355
711,1,355
708,1,356
712,1,356
713,1,357
717,1,357
714,1,358
718,1,358
715,1,359
719,1,359
716,1,360
720,1,360
721,1,361
725,1,361
722,1,362
726,1,362
723,1,363
727,1,363
724,1,364
728,1,364
729,1,365
733,1,365
730,1,366
734,1,366
731,1,367
735,1,367
732,1,368
736,1,368
737,1,369
741,1,369
738,1,370
742,1,370
739,1,371
743,1,371
740,1,372
744,1,372
745,1,373
749,1,373
746,1,374
750,1,374
747,1,375
751,1,375
748,1,376
752,1,376
753,1,377
757,1,377
754,1,378
758,1,378
755,1,379
759,1,379
756,1,380
760,1,380
761,1,381
765,1,381
762,1,382
766,1,382
763,1,383
767,1,383
764,1,384
768,1,384
769,1,385
773,1,385
770,1,386
774,1,386
771,1,387
775,1,387
772,1,388
776,1,388
777,1,389
781,1,389
778,1,390
782,1,390
779,1,391
783,1,391
780,1,392
784,1,392
785,1,393
789,1,393
786,1,394
790,1,394
787,1,395
791,1,395
788,1,396
792,1,396
793,1,397
797,1,397
794,1,398
798,1,398
795,1,399
799,1,399
796,1,400
800,1,400
801,1,401
805,1,401
802,1,402
806,1,402
803,1,403
807,1,403
804,1,404
808,1,404
809,1,405
813,1,405
810,1,406
814,1,406
811,1,407
815,1,407
812,1,408
816,1,408
817,1,409
821,1,409
818,1,410
822,1,410
819,1,411
823,1,411
820,1,412
824,1,412
825,1,413
829,1,413
826,1,414
830,1,414
827,1,415
831,1,415
828,1,416
832,1,416
833,1,417
837,1,417
834,1,418
838,1,418
835,1,419
839,1,419
836,1,420
840,1,420
841,1,421
845,1,421
842,1,422
846,1,422
843,1,423
847,1,423
844,1,424
848,1,424
849,1,425
853,1,425
850,1,426
854,1,426
851,1,427
855,1,427
852,1,428
856,1,428
857,1,429
861,1,429
858,1,430
862,1,430
859,1,431
863,1,431
860,1,432
864,1,432
865,1,433
869,1,433
866,1,434
870,1,434
867,1,435
871,1,435
868,1,436
872,1,436
873,1,437
877,1,437
874,1,438
878,1,438
875,1,439
879,1,439
876,1,440
880,1,440
881,1,441
885,1,441
882,1,442
886,1,442
883,1,443
887,1,443
884,1,444
888,1,444
889,1,445
893,1,445
890,1,446
894,1,446
891,1,447
895,1,447
892,1,448
896,1,448
897,1,449
901,1,449
898,1,450
902,1,450
899,1,451
903,1,451
900,1,452
904,1,452
905,1,453
909,1,453
906,1,454
910,1,454
907,1,455
911,1,455
908,1,456
912,1,456
913,1,457
917,1,457
914,1,458
918,1,458
915,1,459
919,1,459
916,1,460
920,1,460
921,1,461
925,1,461
922,1,462
926,1,462
923,1,463
927,1,463
924,1,464
928,1,464
929,1,465
933,1,465
930,1,466
934,1,466
931,1,467
935,1,467
932,1,468
936,1,468
937,1,469
941,1,469
938,1,470
942,1,470
939,1,471
943,1,471
940,1,472
944,1,472
945,1,473
949,1,473
946,1,474
950,1,474
947,1,475
951,1,475
948,1,476
952,1,476
953,1,477
957,1,477
954,1,478
958,1,478
955,1,479
959,1,479
956,1,480
960,1,480
961,1,481
965,1,481
962,1,482
966,1,482
963,1,483
967,1,483
964,1,484
968,1,484
969,1,485
973,1,485
970,1,486
974,1,486
971,1,487
975,1,487
972,1,488
976,1,488
977,1,489
981,1,489
978,1,490
982,1,490
979,1,491
983,1,491
980,1,492
984,1,492
985,1,493
989,1,493
986,1,494
990,1,494
987,1,495
991,1,495
988,1,496
992,1,496
993,1,497
997,1,497
994,1,498
998,1,498
995,1,499
999,1,499
996,1,500
1000,1,500
1001,1,501
1005,1,501
1002,1,502
1006,1,502
1003,1,503
1007,1,503
1004,1,504
1008,1,504
1009,1,505
1013,1,505
1010,1,506
1014,1,506
1011,1,507
1015,1,507
1012,1,508
1016,1,508
1017,1,509
1021,1,509
1018,1,510
1022,1,510
1019,1,511
1023,1,511
1020,1,512
1024,1,512
1025,1,513
1029,1,513
1026,1,514
1030,1,514
1027,1,515
1031,1,515
1028,1,516
1032,1,516
1033,1,517
1037,1,517
1034,1,518
1038,1,518
1035,1,519
1039,1,519
1036,1,520
1040,1,520
1041,1,521
1045,1,521
1042,1,522
1046,1,522
1043,1,523
1047,1,523
1044,1,524
1048,1,524
1049,1,525
1053,1,525
1050,1,526
1054,1,526
1051,1,527
1055,1,527
1052,1,528
1056,1,528
1057,1,529
1061,1,529
1058,1,530
1062,1,530
1059,1,531
1063,1,531
1060,1,532
1064,1,532
1065,1,533
1069,1,533
1066,1,534
1070,1,534
1067,1,535
1071,1,535
1068,1,536
1072,1,536
1073,1,537
1077,1,537
1074,1,538
1078,1,538
1075,1,539
1079,1,539
1076,1,540
1080,1,540
1081,1,541
1085,1,541
1082,1,542
1086,1,542
1083,1,543
1087,1,543
1084,1,544
1088,1,544
1089,1,545
1093,1,545
1090,1,546
1094,1,546
1091,1,547
1095,1,547
1092,1,548
1096,1,548
1097,1,549
1101,1,549
1098,1,550
1102,1,550
1099,1,551
1103,1,551
1100,1,552
1104,1,552
1105,1,553
1109,1,553
1106,1,554
1110,1,554
1107,1,555
1111,1,555
1108,1,556
1112,1,556
1113,1,557
1117,1,557
1114,1,558
1118,1,558
1115,1,559
1119,1,559
1116,1,560
1120,1,560
1121,1,561
1125,1,561
1122,1,562
1126,1,562
1123,1,563
1127,1,563
1124,1,564
1128,1,564
1129,1,565
1133,1,565
1130,1,566
1134,1,566
1131,1,567
1135,1,567
1132,1,568
1136,1,568
1137,1,569
1141,1,569
1138,1,570
1142,1,570
1139,1,571
1143,1,571
1140,1,572
1144,1,572
1145,1,573
1149,1,573
1146,1,574
1150,1,574
1147,1,575
1151,1,575
1148,1,576
1152,1,576
1153,1,577
1157,1,577
1154,1,578
1158,1,578
1155,1,579
1159,1,579
1156,1,580
1160,1,580
1161,1,581
1165,1,581
1162,1,582
1166,1,582
1163,1,583
1167,1,583
1164,1,584
1168,1,584
1169,1,585
1173,1,585
1170,1,586
1174,1,586
1171,1,587
1175,1,587
1172,1,588
1176,1,588
1177,1,589
1181,1,589
1178,1,590
1182,1,590
1179,1,591
1183,1,591
1180,1,592
1184,1,592
1185,1,593
1189,1,593
1186,1,594
1190,1,594
1187,1,595
1191,1,595
1188,1,596
1192,1,596
1193,1,597
1197,1,597
1194,1,598
1198,1,598
1195,1,599
1199,1,599
1196,1,600
1200,1,600
1201,1,601
1205,1,601
1202,1,602
1206,1,602
1203,1,603
1207,1,603
1204,1,604
1208,1,604
1209,1,605
1213,1,605
1210,1,606
1214,1,606
1211,1,607
1215,1,607
1212,1,608
1216,1,608
1217,1,609
1221,1,609
1218,1,610
1222,1,610
1219,1,611
1223,1,611
1220,1,612
1224,1,612
1225,1,613
1229,1,613
1226,1,614
1230,1,614
1227,1,615
1231,1,615
1228,1,616
1232,1,616
1233,1,617
1237,1,617
1234,1,618
1238,1,618
1235,1,619
1239,1,619
1236,1,620
1240,1,620
1241,1,621
1245,1,621
1242,1,622
1246,1,622
1243,1,623
1247,1,623
1244,1,624
1248,1,624
1249,1,625
1253,1,625
1250,1,626
1254,1,626
1251,1,627
1255,1,627
1252,1,628
1256,1,628
1257,1,629
1261,1,629
1258,1,630
1262,1,630
1259,1,631
1263,1,631
1260,1,632
1264,1,632
1265,1,633
1269,1,633
1266,1,634
1270,1,634
1267,1,635
1271,1,635
1268,1,636
1272,1,636
1273,1,637
1277,1,637
1274,1,638
1278,1,638
1275,1,639
1279,1,639
1276,1,640
1280,1,640
1281,1,641
1285,1,641
1282,1,642
1286,1,642
1283,1,643
1287,1,643
1284,1,644
1288,1,644
1289,1,645
1293,1,645
1290,1,646
1294,1,646
1291,1,647
1295,1,647
1292,1,648
1296,1,648
1297,1,649
1301,1,649
1298,1,650
1302,1,650
1299,1,651
1303,1,651
1300,1,652
1304,1,652
1305,1,653
1309,1,653
1306,1,654
1310,1,654
1307,1,655
1311,1,655
1308,1,656
1312,1,656
1313,1,657
1317,1,657
1314,1,658
1318,1,658
1315,1,659
1319,1,659
1316,1,660
1320,1,660
1321,1,661
1325,1,661
1322,1,662
1326,1,662
1323,1,663
1327,1,663
1324,1,664
1328,1,664
1329,1,665
1333,1,665
1330,1,666
1334,1,666
1331,1,667
1335,1,667
1332,1,668
1336,1,668
1337,1,669
1341,1,669
1338,1,670
1342,1,670
1339,1,671
1343,1,671
1340,1,672
1344,1,672
1345,1,673
1349,1,673
1346,1,674
1350,1,674
1347,1,675
1351,1,675
1348,1,676
1352,1,676
1353,1,677
1357,1,677
1354,1,678
1358,1,678
1355,1,679
1359,1,679
1356,1,680
1360,1,680
1361,1,681
1365,1,681
1362,1,682
1366,1,682
1363,1,683
1367,1,683
1364,1,684
1368,1,684
1369,1,685
1373,1,685
1370,1,686
1374,1,686
1371,1,687
1375,1,687
1372,1,688
1376,1,688
1377,1,689
1381,1,689
1378,1,690
1382,1,690
1379,1,691
1383,1,691
1380,1,692
1384,1,692
1385,1,693
1389,1,693
1386,1,694
1390,1,694
1387,1,695
1391,1,695
1388,1,696
1392,1,696
1393,1,697
1397,1,697
1394,1,698
1398,1,698
1395,1,699
1399,1,699
1396,1,700
1400,1,700
1401,1,701
1405,1,701
1402,1,702
1406,1,702
1403,1,703
1407,1,703
1404,1,704
1408,1,704
1409,1,705
1413,1,705
1410,1,706
1414,1,706
1411,1,707
1415,1,707
1412,1,708
1416,1,708
1417,1,709
1421,1,709
1418,1,710
1422,1,710
1419,1,711
1423,1,711
1420,1,712
1424,1,712
1425,1,713
1429,1,713
1426,1,714
1430,1,714
1427,1,715
1431,1,715
1428,1,716
1432,1,716
1433,1,717
1437,1,717
1434,1,718
1438,1,718
1435,1,719
1439,1,719
1436,1,720
1440,1,720
1441,1,721
1445,1,721
1442,1,722
1446,1,722
1443,1,723
1447,1,723
1444,1,724
1448,1,724
1449,1,725
1453,1,725
1450,1,726
1454,1,726
1451,1,727
1455,1,727
1452,1,728
1456,1,728
1457,1,729
1461,1,729
1458,1,730
1462,1,730
1459,1,731
1463,1,731
1460,1,732
1464,1,732
1465,1,733
1469,1,733
1466,1,734
1470,1,734
1467,1,735
1471,1,735
1468,1,736
1472,1,736
1473,1,737
1477,1,737
1474,1,738
1478,1,738
1475,1,739
1479,1,739
1476,1,740
1480,1,740
1481,1,741
1485,1,741
1482,1,742
1486,1,742
1483,1,743
1487,1,743
1484,1,744
1488,1,744
1489,1,745
1493,1,745
1490,1,746
1494,1,746
1491,1,747
1495,1,747
1492,1,748
1496,1,748
1497,1,749
1501,1,749
1498,1,750
1502,1,750
1499,1,751
1503,1,751
1500,1,752
1504,1,752
1505,1,753
1509,1,753
1506,1,754
1510,1,754
1507,1,755
1511,1,755
1508,1,756
1512,1,756
1513,1,757
1517,1,757
1514,1,758
1518,1,758
1515,1,759
1519,1,759
1516,1,760
1520,1,760
1521,1,761
1525,1,761
1522,1,762
1526,1,762
1523,1,763
1527,1,763
1524,1,764
1528,1,764
1529,1,765
1533,1,765
1530,1,766
1534,1,766
1531,1,767
1535,1,767
1532,1,768
1536,1,768
1537,1,769
1541,1,769
1538,1,770
1542,1,770
1539,1,771
1543,1,771
1540,1,772
1544,1,772
1545,1,773
1549,1,773
1546,1,774
1550,1,774
1547,1,775
1551,1,775
1548,1,776
1552,1,776
1553,1,777
1557,1,777
1554,1,778
1558,1,778
1555,1,779
1559,1,779
1556,1,780
1560,1,780
1561,1,781
1565,1,781
1562,1,782
1566,1,782
1563,1,783
1567,1,783
1564,1,784
1568,1,784
1569,1,785
1573,1,785
1570,1,786
1574,1,786
1571,1,787
1575,1,787
1572,1,788
1576,1,788
1577,1,789
1581,1,789
1578,1,790
1582,1,790
1579,1,791
1583,1,791
1580,1,792
1584,1,792
1585,1,793
1589,1,793
1586,1,794
1590,1,794
1587,1,795
1591,1,795
1588,1,796
1592,1,796
1593,1,797
1597,1,797
1594,1,798
1598,1,798
1595,1,799
1599,1,799
1596,1,800
1600,1,800
1601,1,801
1605,1,801
1602,1,802
1606,1,802
1603,1,803
1607,1,803
1604,1,804
1608,1,804
1609,1,805
1613,1,805
1610,1,806
1614,1,806
1611,1,807
1615,1,807
1612,1,808
1616,1,808
1617,1,809
1621,1,809
1618,1,810
1622,1,810
1619,1,811
1623,1,811
1620,1,812
1624,1,812
1625,1,813
1629,1,813
1626,1,814
1630,1,814
1627,1,815
1631,1,815
1628,1,816
1632,1,816
1633,1,817
1637,1,817
1634,1,818
1638,1,818
1635,1,819
1639,1,819
1636,1,820
1640,1,820
1641,1,821
1645,1,821
1642,1,822
1646,1,822
1643,1,823
1647,1,823
1644,1,824
1648,1,824
1649,1,825
1653,1,825
1650,1,826
1654,1,826
1651,1,827
1655,1,827
1652,1,828
1656,1,828
1657,1,829
1661,1,829
1658,1,830
1662,1,830
1659,1,831
1663,1,831
1660,1,832
1664,1,832
1665,1,833
1669,1,833
1666,1,834
1670,1,834
1667,1,835
1671,1,835
1668,1,836
1672,1,836
1673,1,837
1677,1,837
1674,1,838
1678,1,838
1675,1,839
1679,1,839
1676,1,840
1680,1,840
1681,1,841
1685,1,841
1682,1,842
1686,1,842
1683,1,843
1687,1,843
1684,1,844
1688,1,844
1689,1,845
1693,1,845
1690,1,846
1694,1,846
1691,1,847
1695,1,847
1692,1,848
1696,1,848
1697,1,849
1701,1,849
1698,1,850
1702,1,850
1699,1,851
1703,1,851
1700,1,852
1704,1,852
1705,1,853
1709,1,853
1706,1,854
1710,1,854
1707,1,855
1711,1,855
1708,1,856
1712,1,856
1713,1,857
1717,1,857
1714,1,858
1718,1,858
1715,1,859
1719,1,859
1716,1,860
1720,1,860
1721,1,861
1725,1,861
1722,1,862
1726,1,862
1723,1,863
1727,1,863
1724,1,864
1728,1,864
1729,1,865
1733,1,865
1730,1,866
1734,1,866
1731,1,867
1735,1,867
1732,1,868
1736,1,868
1737,1,869
1741,1,869
1738,1,870
1742,1,870
1739,1,871
1743,1,871
1740,1,872
1744,1,872
1745,1,873
1749,1,873
1746,1,874
1750,1,874
1747,1,875
1751,1,875
1748,1,876
1752,1,876
1753,1,877
1757,1,877
1754,1,878
1758,1,878
1755,1,879
1759,1,879
1756,1,880
1760,1,880
1761,1,881
1765,1,881
1762,1,882
1766,1,882
1763,1,883
1767,1,883
1764,1,884
1768,1,884
1769,1,885
1773,1,885
1770,1,886
1774,1,886
1771,1,887
1775,1,887
1772,1,888
1776,1,888
1777,1,889
1781,1,889
1778,1,890
1782,1,890
1779,1,891
1783,1,891
1780,1,892
1784,1,892
1785,1,893
1789,1,893
1786,1,894
1790,1,894
1787,1,895
1791,1,895
1788,1,896
1792,1,896
1793,1,897
1797,1,897
1794,1,898
1798,1,898
1795,1,899
1799,1,899
1796,1,900
1800,1,900
1801,1,901
1805,1,901
1802,1,902
1806,1,902
1803,1,903
1807,1,903
1804,1,904
1808,1,904
1809,1,905
1813,1,905
1810,1,906
1814,1,906
1811,1,907
1815,1,907
1812,1,908
1816,1,908
1817,1,909
1821,1,909
1818,1,910
1822,1,910
1819,1,911
1823,1,911
1820,1,912
1824,1,912
1825,1,913
1829,1,913
1826,1,914
1830,1,914
1827,1,915
1831,1,915
1828,1,916
1832,1,916
1833,1,917
1837,1,917
1834,1,918
1838,1,918
1835,1,919
1839,1,919
1836,1,920
1840,1,920
1841,1,921
1845,1,921
1842,1,922
1846,1,922
1843,1,923
1847,1,923
1844,1,924
1848,1,924
1849,1,925
1853,1,925
1850,1,926
1854,1,926
1851,1,927
1855,1,927
1852,1,928
1856,1,928
1857,1,929
1861,1,929
1858,1,930
1862,1,930
1859,1,931
1863,1,931
1860,1,932
1864,1,932
1865,1,933
1869,1,933
1866,1,934
1870,1,934
1867,1,935
1871,1,935
1868,1,936
1872,1,936
1873,1,937
1877,1,937
1874,1,938
1878,1,938
1875,1,939
1879,1,939
1876,1,940
1880,1,940
1881,1,941
1885,1,941
1882,1,942
1886,1,942
1883,1,943
1887,1,943
1884,1,944
1888,1,944
1889,1,945
1893,1,945
1890,1,946
1894,1,946
1891,1,947
1895,1,947
1892,1,948
1896,1,948
1897,1,949
1901,1,949
1898,1,950
1902,1,950
1899,1,951
1903,1,951
1900,1,952
1904,1,952
1905,1,953
1909,1,953
1906,1,954
1910,1,954
1907,1,955
1911,1,955
1908,1,956
1912,1,956
1913,1,957
1917,1,957
1914,1,958
1918,1,958
1915,1,959
1919,1,959
1916,1,960
1920,1,960
1921,1,961
1925,1,961
1922,1,962
1926,1,962
1923,1,963
1927,1,963
1924,1,964
1928,1,964
1929,1,965
1933,1,965
1930,1,966
1934,1,966
1931,1,967
1935,1,967
1932,1,968
1936,1,968
1937,1,969
1941,1,969
1938,1,970
1942,1,970
1939,1,971
1943,1,971
1940,1,972
1944,1,972
1945,1,973
1949,1,973
1946,1,974
1950,1,974
1947,1,975
1951,1,975
1948,1,976
1952,1,976
1953,1,977
1957,1,977
1954,1,978
1958,1,978
1955,1,979
1959,1,979
1956,1,980
1960,1,980
1961,1,981
1965,1,981
1962,1,982
1966,1,982
1963,1,983
1967,1,983
1964,1,984
1968,1,984
1969,1,985
1973,1,985
1970,1,986
1974,1,986
1971,1,987
1975,1,987
1972,1,988
1976,1,988
1977,1,989
1981,1,989
1978,1,990
1982,1,990
1979,1,991
1983,1,991
1980,1,992
1984,1,992
1985,1,993
1989,1,993
1986,1,994
1990,1,994
1987,1,995
1991,1,995
1988,1,996
1992,1,996
1993,1,997
1997,1,997
1994,1,998
1998,1,998
1995,1,999
1999,1,999
1996,1,1000
2000,1,1000
2001,1,1001
2005,1,1001
2002,1,1002
2006,1,1002
2003,1,1003
2007,1,1003
2004,1,1004
2008,1,1004
2009,1,1005
2013,1,1005
2010,1,1006
2014,1,1006
2011,1,1007
2015,1,1007
2012,1,1008
2016,1,1008
2017,1,1009
2021,1,1009
2018,1,1010
2022,1,1010
2019,1,1011
2023,1,1011
2020,1,1012
2024,1,1012
2025,1,1013
2029,1,1013
2026,1,1014
2030,1,1014
2027,1,1015
2031,1,1015
2028,1,1016
2032,1,1016
2033,1,1017
2037,1,1017
2034,1,1018
2038,1,1018
2035,1,1019
2039,1,1019
2036,1,1020
2040,1,1020
2041,1,1021
2045,1,1021
2042,1,1022
2046,1,1022
2043,1,1023
2047,1,1023
2044,1,1024
2048,1,1024
2049,1,1025
2053,1,1025
2050,1,1026
2054,1,1026
2051,1,1027
2055,1,1027
2052,1,1028
2056,1,1028
2057,1,1029
2061,1,1029
2058,1,1030
2062,1,1030
2059,1,1031
2063,1,1031
2060,1,1032
2064,1,1032
2065,1,1033
2069,1,1033
2066,1,1034
2070,1,1034
2067,1,1035
2071,1,1035
2068,1,1036
2072,1,1036
2073,1,1037
2077,1,1037
2074,1,1038
2078,1,1038
2075,1,1039
2079,1,1039
2076,1,1040
2080,1,1040
2081,1,1041
2085,1,1041
2082,1,1042
2086,1,1042
2083,1,1043
2087,1,1043
2084,1,1044
2088,1,1044
2089,1,1045
2093,1,1045
2090,1,1046
2094,1,1046
2091,1,1047
2095,1,1047
2092,1,1048
2096,1,1048
2097,1,1049
2101,1,1049
2098,1,1050
2102,1,1050
2099,1,1051
2103,1,1051
2100,1,1052
2104,1,1052
2105,1,1053
2109,1,1053
2106,1,1054
2110,1,1054
2107,1,1055
2111,1,1055
2108,1,1056
2112,1,1056
2113,1,1057
2117,1,1057
2114,1,1058
2118,1,1058
2115,1,1059
2119,1,1059
2116,1,1060
2120,1,1060
2121,1,1061
2125,1,1061
2122,1,1062
2126,1,1062
2123,1,1063
2127,1,1063
2124,1,1064
2128,1,1064
2129,1,1065
2133,1,1065
2130,1,1066
2134,1,1066
2131,1,1067
2135,1,1067
2132,1,1068
2136,1,1068
2137,1,1069
2141,1,1069
2138,1,1070
2142,1,1070
2139,1,1071
2143,1,1071
2140,1,1072
2144,1,1072
2145,1,1073
2149,1,1073
2146,1,1074
2150,1,1074
2147,1,1075
2151,1,1075
2148,1,1076
2152,1,1076
2153,1,1077
2157,1,1077
2154,1,1078
2158,1,1078
2155,1,1079
2159,1,1079
2156,1,1080
2160,1,1080
2161,1,1081
2165,1,1081
2162,1,1082
2166,1,1082
2163,1,1083
2167,1,1083
2164,1,1084
2168,1,1084
2169,1,1085
2173,1,1085
2170,1,1086
2174,1,1086
2171,1,1087
2175,1,1087
2172,1,1088
2176,1,1088
2177,1,1089
2181,1,1089
2178,1,1090
2182,1,1090
2179,1,1091
2183,1,1091
2180,1,1092
2184,1,1092
2185,1,1093
2189,1,1093
2186,1,1094
2190,1,1094
2187,1,1095
2191,1,1095
2188,1,1096
2192,1,1096
2193,1,1097
2197,1,1097
2194,1,1098
2198,1,1098
2195,1,1099
2199,1,1099
2196,1,1100
2200,1,1100
2201,1,1101
2205,1,1101
2202,1,1102
2206,1,1102
2203,1,1103
2207,1,1103
2204,1,1104
2208,1,1104
2209,1,1105
2213,1,1105
2210,1,1106
2214,1,1106
2211,1,1107
2215,1,1107
2212,1,1108
2216,1,1108
2217,1,1109
2221,1,1109
2218,1,1110
2222,1,1110
2219,1,1111
2223,1,1111
2220,1,1112
2224,1,1112
2225,1,1113
2229,1,1113
2226,1,1114
2230,1,1114
2227,1,1115
2231,1,1115
2228,1,1116
2232,1,1116
2233,1,1117
2237,1,1117
2234,1,1118
2238,1,1118
2235,1,1119
2239,1,1119
2236,1,1120
2240,1,1120
2241,1,1121
2245,1,1121
2242,1,1122
2246,1,1122
2243,1,1123
2247,1,1123
2244,1,1124
2248,1,1124
2249,1,1125
2253,1,1125
2250,1,1126
2254,1,1126
2251,1,1127
2255,1,1127
2252,1,1128
2256,1,1128
2257,1,1129
2261,1,1129
2258,1,1130
2262,1,1130
2259,1,1131
2263,1,1131
2260,1,1132
2264,1,1132
2265,1,1133
2269,1,1133
2266,1,1134
2270,1,1134
2267,1,1135
2271,1,1135
2268,1,1136
2272,1,1136
2273,1,1137
2277,1,1137
2274,1,1138
2278,1,1138
2275,1,1139
2279,1,1139
2276,1,1140
2280,1,1140
2281,1,1141
2285,1,1141
2282,1,1142
2286,1,1142
2283,1,1143
2287,1,1143
2284,1,1144
2288,1,1144
2289,1,1145
2293,1,1145
2290,1,1146
2294,1,1146
2291,1,1147
2295,1,1147
2292,1,1148
2296,1,1148
2297,1,1149
2301,1,1149
2298,1,1150
2302,1,1150
2299,1,1151
2303,1,1151
2300,1,1152
2304,1,1152
2305,1,1153
2309,1,1153
2306,1,1154
2310,1,1154
2307,1,1155
2311,1,1155
2308,1,1156
2312,1,1156
2313,1,1157
2317,1,1157
2314,1,1158
2318,1,1158
2315,1,1159
2319,1,1159
2316,1,1160
2320,1,1160
2321,1,1161
2325,1,1161
2322,1,1162
2326,1,1162
2323,1,1163
2327,1,1163
2324,1,1164
2328,1,1164
2329,1,1165
2333,1,1165
2330,1,1166
2334,1,1166
2331,1,1167
2335,1,1167
2332,1,1168
2336,1,1168
2337,1,1169
2341,1,1169
2338,1,1170
2342,1,1170
2339,1,1171
2343,1,1171
2340,1,1172
2344,1,1172
2345,1,1173
2349,1,1173
2346,1,1174
2350,1,1174
2347,1,1175
2351,1,1175
2348,1,1176
2352,1,1176
2353,1,1177
2357,1,1177
2354,1,1178
2358,1,1178
2355,1,1179
2359,1,1179
2356,1,1180
2360,1,1180
2361,1,1181
2365,1,1181
2362,1,1182
2366,1,1182
2363,1,1183
2367,1,1183
2364,1,1184
2368,1,1184
2369,1,1185
2373,1,1185
2370,1,1186
2374,1,1186
2371,1,1187
2375,1,1187
2372,1,1188
2376,1,1188
2377,1,1189
2381,1,1189
2378,1,1190
2382,1,1190
2379,1,1191
2383,1,1191
2380,1,1192
2384,1,1192
2385,1,1193
2389,1,1193
2386,1,1194
2390,1,1194
2387,1,1195
2391,1,1195
2388,1,1196
2392,1,1196
2393,1,1197
2397,1,1197
2394,1,1198
2398,1,1198
2395,1,1199
2399,1,1199
2396,1,1200
2400,1,1200
2401,1,1201
2405,1,1201
2402,1,1202
2406,1,1202
2403,1,1203
2407,1,1203
2404,1,1204
2408,1,1204
2409,1,1205
2413,1,1205
2410,1,1206
2414,1,1206
2411,1,1207
2415,1,1207
2412,1,1208
2416,1,1208
2417,1,1209
2421,1,1209
2418,1,1210
2422,1,1210
2419,1,1211
2423,1,1211
2420,1,1212
2424,1,1212
2425,1,1213
2429,1,1213
2426,1,1214
2430,1,1214
2427,1,1215
2431,1,1215
2428,1,1216
2432,1,1216
2433,1,1217
2437,1,1217
2434,1,1218
2438,1,1218
2435,1,1219
2439,1,1219
2436,1,1220
2440,1,1220
2441,1,1221
2445,1,1221
2442,1,1222
2446,1,1222
2443,1,1223
2447,1,1223
2444,1,1224
2448,1,1224
2449,1,1225
2453,1,1225
2450,1,1226
2454,1,1226
2451,1,1227
2455,1,1227
2452,1,1228
2456,1,1228
2457,1,1229
2461,1,1229
2458,1,1230
2462,1,1230
2459,1,1231
2463,1,1231
2460,1,1232
2464,1,1232
2465,1,1233
2469,1,1233
2466,1,1234
2470,1,1234
2467,1,1235
2471,1,1235
2468,1,1236
2472,1,1236
2473,1,1237
2477,1,1237
2474,1,1238
2478,1,1238
2475,1,1239
2479,1,1239
2476,1,1240
2480,1,1240
2481,1,1241
2485,1,1241
2482,1,1242
2486,1,1242
2483,1,1243
2487,1,1243
2484,1,1244
2488,1,1244
2489,1,1245
2493,1,1245
2490,1,1246
2494,1,1246
2491,1,1247
2495,1,1247
2492,1,1248
2496,1,1248
2497,1,1249
2501,1,1249
2498,1,1250
2502,1,1250
2499,1,1251
2503,1,1251
2500,1,1252
2504,1,1252
2505,1,1253
2509,1,1253
2506,1,1254
2510,1,1254
2507,1,1255
2511,1,1255
2508,1,1256
2512,1,1256
2513,1,1257
2517,1,1257
2514,1,1258
2518,1,1258
2515,1,1259
2519,1,1259
2516,1,1260
2520,1,1260
2521,1,1261
2525,1,1261
2522,1,1262
2526,1,1262
2523,1,1263
2527,1,1263
2524,1,1264
2528,1,1264
2529,1,1265
2533,1,1265
2530,1,1266
2534,1,1266
2531,1,1267
2535,1,1267
2532,1,1268
2536,1,1268
2537,1,1269
2541,1,1269
2538,1,1270
2542,1,1270
2539,1,1271
2543,1,1271
2540,1,1272
2544,1,1272
2545,1,1273
2549,1,1273
2546,1,1274
2550,1,1274
2547,1,1275
2551,1,1275
2548,1,1276
2552,1,1276
2553,1,1277
2557,1,1277
2554,1,1278
2558,1,1278
2555,1,1279
2559,1,1279
2556,1,1280
2560,1,1280
2561,1,1281
2565,1,1281
2562,1,1282
2566,1,1282
2563,1,1283
2567,1,1283
2564,1,1284
2568,1,1284
2569,1,1285
2573,1,1285
2570,1,1286
2574,1,1286
2571,1,1287
2575,1,1287
2572,1,1288
2576,1,1288
2577,1,1289
2581,1,1289
2578,1,1290
2582,1,1290
2579,1,1291
2583,1,1291
2580,1,1292
2584,1,1292
2585,1,1293
2589,1,1293
2586,1,1294
2590,1,1294
2587,1,1295
2591,1,1295
2588,1,1296
2592,1,1296
2593,1,1297
2597,1,1297
2594,1,1298
2598,1,1298
2595,1,1299
2599,1,1299
2596,1,1300
2600,1,1300
2601,1,1301
2605,1,1301
2602,1,1302
2606,1,1302
2603,1,1303
2607,1,1303
2604,1,1304
2608,1,1304
2609,1,1305
2613,1,1305
2610,1,1306
2614,1,1306
2611,1,1307
2615,1,1307
2612,1,1308
2616,1,1308
2617,1,1309
2621,1,1309
2618,1,1310
2622,1,1310
2619,1,1311
2623,1,1311
2620,1,1312
2624,1,1312
2625,1,1313
2629,1,1313
2626,1,1314
2630,1,1314
2627,1,1315
2631,1,1315
2628,1,1316
2632,1,1316
2633,1,1317
2637,1,1317
2634,1,1318
2638,1,1318
2635,1,1319
2639,1,1319
2636,1,1320
2640,1,1320
2641,1,1321
2645,1,1321
2642,1,1322
2646,1,1322
2643,1,1323
2647,1,1323
2644,1,1324
2648,1,1324
2649,1,1325
2653,1,1325
2650,1,1326
2654,1,1326
2651,1,1327
2655,1,1327
2652,1,1328
2656,1,1328
2657,1,1329
2661,1,1329
2658,1,1330
2662,1,1330
2659,1,1331
2663,1,1331
2660,1,1332
2664,1,1332
2665,1,1333
2669,1,1333
2666,1,1334
2670,1,1334
2667,1,1335
2671,1,1335
2668,1,1336
2672,1,1336
2673,1,1337
2677,1,1337
2674,1,1338
2678,1,1338
2675,1,1339
2679,1,1339
2676,1,1340
2680,1,1340
2681,1,1341
2685,1,1341
2682,1,1342
2686,1,1342
2683,1,1343
2687,1,1343
2684,1,1344
2688,1,1344
2689,1,1345
2693,1,1345
2690,1,1346
2694,1,1346
2691,1,1347
2695,1,1347
2692,1,1348
2696,1,1348
2697,1,1349
2701,1,1349
2698,1,1350
2702,1,1350
2699,1,1351
2703,1,1351
2700,1,1352
2704,1,1352
2705,1,1353
2709,1,1353
2706,1,1354
2710,1,1354
2707,1,1355
2711,1,1355
2708,1,1356
2712,1,1356
2713,1,1357
2717,1,1357
2714,1,1358
2718,1,1358
2715,1,1359
2719,1,1359
2716,1,1360
2720,1,1360
2721,1,1361
2725,1,1361
2722,1,1362
2726,1,1362
2723,1,1363
2727,1,1363
2724,1,1364
2728,1,1364
2729,1,1365
2733,1,1365
2730,1,1366
2734,1,1366
2731,1,1367
2735,1,1367
2732,1,1368
2736,1,1368
2737,1,1369
2741,1,1369
2738,1,1370
2742,1,1370
2739,1,1371
2743,1,1371
2740,1,1372
2744,1,1372
2745,1,1373
2749,1,1373
2746,1,1374
2750,1,1374
2747,1,1375
2751,1,1375
2748,1,1376
2752,1,1376
2753,1,1377
2757,1,1377
2754,1,1378
2758,1,1378
2755,1,1379
2759,1,1379
2756,1,1380
2760,1,1380
2761,1,1381
2765,1,1381
2762,1,1382
2766,1,1382
2763,1,1383
2767,1,1383
2764,1,1384
2768,1,1384
2769,1,1385
2773,1,1385
2770,1,1386
2774,1,1386
2771,1,1387
2775,1,1387
2772,1,1388
2776,1,1388
2777,1,1389
2781,1,1389
2778,1,1390
2782,1,1390
2779,1,1391
2783,1,1391
2780,1,1392
2784,1,1392
2785,1,1393
2789,1,1393
2786,1,1394
2790,1,1394
2787,1,1395
2791,1,1395
2788,1,1396
2792,1,1396
2793,1,1397
2797,1,1397
2794,1,1398
2798,1,1398
2795,1,1399
2799,1,1399
2796,1,1400
2800,1,1400
2801,1,1401
2805,1,1401
2802,1,1402
2806,1,1402
2803,1,1403
2807,1,1403
2804,1,1404
2808,1,1404
2809,1,1405
2813,1,1405
2810,1,1406
2814,1,1406
2811,1,1407
2815,1,1407
2812,1,1408
2816,1,1408
2817,1,1409
2821,1,1409
2818,1,1410
2822,1,1410
2819,1,1411
2823,1,1411
2820,1,1412
2824,1,1412
2825,1,1413
2829,1,1413
2826,1,1414
2830,1,1414
2827,1,1415
2831,1,1415
2828,1,1416
2832,1,1416
2833,1,1417
2837,1,1417
2834,1,1418
2838,1,1418
2835,1,1419
2839,1,1419
2836,1,1420
2840,1,1420
2841,1,1421
2845,1,1421
2842,1,1422
2846,1,1422
2843,1,1423
2847,1,1423
2844,1,1424
2848,1,1424
2849,1,1425
2853,1,1425
2850,1,1426
2854,1,1426
2851,1,1427
2855,1,1427
2852,1,1428
2856,1,1428
2857,1,1429
2861,1,1429
2858,1,1430
2862,1,1430
2859,1,1431
2863,1,1431
2860,1,1432
2864,1,1432
2865,1,1433
2869,1,1433
2866,1,1434
2870,1,1434
2867,1,1435
2871,1,1435
2868,1,1436
2872,1,1436
2873,1,1437
2877,1,1437
2874,1,1438
2878,1,1438
2875,1,1439
2879,1,1439
2876,1,1440
2880,1,1440
2881,1,1441
2885,1,1441
2882,1,1442
2886,1,1442
2883,1,1443
2887,1,1443
2884,1,1444
2888,1,1444
2889,1,1445
2893,1,1445
2890,1,1446
2894,1,1446
2891,1,1447
2895,1,1447
2892,1,1448
2896,1,1448
2897,1,1449
2901,1,1449
2898,1,1450
2902,1,1450
2899,1,1451
2903,1,1451
2900,1,1452
2904,1,1452
2905,1,1453
2909,1,1453
2906,1,1454
2910,1,1454
2907,1,1455
2911,1,1455
2908,1,1456
2912,1,1456
2913,1,1457
2917,1,1457
2914,1,1458
2918,1,1458
2915,1,1459
2919,1,1459
2916,1,1460
2920,1,1460
2921,1,1461
2925,1,1461
2922,1,1462
2926,1,1462
2923,1,1463
2927,1,1463
2924,1,1464
2928,1,1464
2929,1,1465
2933,1,1465
2930,1,1466
2934,1,1466
2931,1,1467
2935,1,1467
2932,1,1468
2936,1,1468
2937,1,1469
2941,1,1469
2938,1,1470
2942,1,1470
2939,1,1471
2943,1,1471
2940,1,1472
2944,1,1472
2945,1,1473
2949,1,1473
2946,1,1474
2950,1,1474
2947,1,1475
2951,1,1475
2948,1,1476
2952,1,1476
2953,1,1477
2957,1,1477
2954,1,1478
2958,1,1478
2955,1,1479
2959,1,1479
2956,1,1480
2960,1,1480
2961,1,1481
2965,1,1481
2962,1,1482
2966,1,1482
2963,1,1483
2967,1,1483
2964,1,1484
2968,1,1484
2969,1,1485
2973,1,1485
2970,1,1486
2974,1,1486
2971,1,1487
2975,1,1487
2972,1,1488
2976,1,1488
2977,1,1489
2981,1,1489
2978,1,1490
2982,1,1490
2979,1,1491
2983,1,1491
2980,1,1492
2984,1,1492
2985,1,1493
2989,1,1493
2986,1,1494
2990,1,1494
2987,1,1495
2991,1,1495
2988,1,1496
2992,1,1496
2993,1,1497
2997,1,1497
2994,1,1498
2998,1,1498
2995,1,1499
2999,1,1499
2996,1,1500
3000,1,1500
3001,1,1501
3005,1,1501
3002,1,1502
3006,1,1502
3003,1,1503
3007,1,1503
3004,1,1504
3008,1,1504
3009,1,1505
3013,1,1505
3010,1,1506
3014,1,1506
3011,1,1507
3015,1,1507
3012,1,1508
3016,1,1508
3017,1,1509
3021,1,1509
3018,1,1510
3022,1,1510
3019,1,1511
3023,1,1511
3020,1,1512
3024,1,1512
3025,1,1513
3029,1,1513
3026,1,1514
3030,1,1514
3027,1,1515
3031,1,1515
3028,1,1516
3032,1,1516
3033,1,1517
3037,1,1517
3034,1,1518
3038,1,1518
3035,1,1519
3039,1,1519
3036,1,1520
3040,1,1520
3041,1,1521
3045,1,1521
3042,1,1522
3046,1,1522
3043,1,1523
3047,1,1523
3044,1,1524
3048,1,1524
3049,1,1525
3053,1,1525
3050,1,1526
3054,1,1526
3051,1,1527
3055,1,1527
3052,1,1528
3056,1,1528
3057,1,1529
3061,1,1529
3058,1,1530
3062,1,1530
3059,1,1531
3063,1,1531
3060,1,1532
3064,1,1532
3065,1,1533
3069,1,1533
3066,1,1534
3070,1,1534
3067,1,1535
3071,1,1535
3068,1,1536
3072,1,1536
3073,1,1537
3077,1,1537
3074,1,1538
3078,1,1538
3075,1,1539
3079,1,1539
3076,1,1540
3080,1,1540
3081,1,1541
3085,1,1541
3082,1,1542
3086,1,1542
3083,1,1543
3087,1,1543
3084,1,1544
3088,1,1544
3089,1,1545
3093,1,1545
3090,1,1546
3094,1,1546
3091,1,1547
3095,1,1547
3092,1,1548
3096,1,1548
3097,1,1549
3101,1,1549
3098,1,1550
3102,1,1550
3099,1,1551
3103,1,1551
3100,1,1552
3104,1,1552
3105,1,1553
3109,1,1553
3106,1,1554
3110,1,1554
3107,1,1555
3111,1,1555
3108,1,1556
3112,1,1556
3113,1,1557
3117,1,1557
3114,1,1558
3118,1,1558
3115,1,1559
3119,1,1559
3116,1,1560
3120,1,1560
3121,1,1561
3125,1,1561
3122,1,1562
3126,1,1562
3123,1,1563
3127,1,1563
3124,1,1564
3128,1,1564
3129,1,1565
3133,1,1565
3130,1,1566
3134,1,1566
3131,1,1567
3135,1,1567
3132,1,1568
3136,1,1568
3137,1,1569
3141,1,1569
3138,1,1570
3142,1,1570
3139,1,1571
3143,1,1571
3140,1,1572
3144,1,1572
3145,1,1573
3149,1,1573
3146,1,1574
3150,1,1574
3147,1,1575
3151,1,1575
3148,1,1576
3152,1,1576
3153,1,1577
3157,1,1577
3154,1,1578
3158,1,1578
3155,1,1579
3159,1,1579
3156,1,1580
3160,1,1580
3161,1,1581
3165,1,1581
3162,1,1582
3166,1,1582
3163,1,1583
3167,1,1583
3164,1,1584
3168,1,1584
3169,1,1585
3173,1,1585
3170,1,1586
3174,1,1586
3171,1,1587
3175,1,1587
3172,1,1588
3176,1,1588
3177,1,1589
3181,1,1589
3178,1,1590
3182,1,1590
3179,1,1591
3183,1,1591
3180,1,1592
3184,1,1592
3185,1,1593
3189,1,1593
3186,1,1594
3190,1,1594
3187,1,1595
3191,1,1595
3188,1,1596
3192,1,1596
3193,1,1597
3197,1,1597
3194,1,1598
3198,1,1598
3195,1,1599
3199,1,1599
3196,1,1600
3200,1,1600
3201,1,1601
3205,1,1601
3202,1,1602
3206,1,1602
3203,1,1603
3207,1,1603
3204,1,1604
3208,1,1604
3209,1,1605
3213,1,1605
3210,1,1606
3214,1,1606
3211,1,1607
3215,1,1607
3212,1,1608
3216,1,1608
3217,1,1609
3221,1,1609
3218,1,1610
3222,1,1610
3219,1,1611
3223,1,1611
3220,1,1612
3224,1,1612
3225,1,1613
3229,1,1613
3226,1,1614
3230,1,1614
3227,1,1615
3231,1,1615
3228,1,1616
3232,1,1616
3233,1,1617
3237,1,1617
3234,1,1618
3238,1,1618
3235,1,1619
3239,1,1619
3236,1,1620
3240,1,1620
3241,1,1621
3245,1,1621
3242,1,1622
3246,1,1622
3243,1,1623
3247,1,1623
3244,1,1624
3248,1,1624
3249,1,1625
3253,1,1625
3250,1,1626
3254,1,1626
3251,1,1627
3255,1,1627
3252,1,1628
3256,1,1628
3257,1,1629
3261,1,1629
3258,1,1630
3262,1,1630
3259,1,1631
3263,1,1631
3260,1,1632
3264,1,1632
3265,1,1633
3269,1,1633
3266,1,1634
3270,1,1634
3267,1,1635
3271,1,1635
3268,1,1636
3272,1,1636
3273,1,1637
3277,1,1637
3274,1,1638
3278,1,1638
3275,1,1639
3279,1,1639
3276,1,1640
3280,1,1640
3281,1,1641
3285,1,1641
3282,1,1642
3286,1,1642
3283,1,1643
3287,1,1643
3284,1,1644
3288,1,1644
3289,1,1645
3293,1,1645
3290,1,1646
3294,1,1646
3291,1,1647
3295,1,1647
3292,1,1648
3296,1,1648
3297,1,1649
3301,1,1649
3298,1,1650
3302,1,1650
3299,1,1651
3303,1,1651
3300,1,1652
3304,1,1652
3305,1,1653
3309,1,1653
3306,1,1654
3310,1,1654
3307,1,1655
3311,1,1655
3308,1,1656
3312,1,1656
3313,1,1657
3317,1,1657
3314,1,1658
3318,1,1658
3315,1,1659
3319,1,1659
3316,1,1660
3320,1,1660
3321,1,1661
3325,1,1661
3322,1,1662
3326,1,1662
3323,1,1663
3327,1,1663
3324,1,1664
3328,1,1664
3329,1,1665
3333,1,1665
3330,1,1666
3334,1,1666
3331,1,1667
3335,1,1667
3332,1,1668
3336,1,1668
3337,1,1669
3341,1,1669
3338,1,1670
3342,1,1670
3339,1,1671
3343,1,1671
3340,1,1672
3344,1,1672
3345,1,1673
3349,1,1673
3346,1,1674
3350,1,1674
3347,1,1675
3351,1,1675
3348,1,1676
3352,1,1676
3353,1,1677
3357,1,1677
3354,1,1678
3358,1,1678
3355,1,1679
3359,1,1679
3356,1,1680
3360,1,1680
3361,1,1681
3365,1,1681
3362,1,1682
3366,1,1682
3363,1,1683
3367,1,1683
3364,1,1684
3368,1,1684
3369,1,1685
3373,1,1685
3370,1,1686
3374,1,1686
3371,1,1687
3375,1,1687
3372,1,1688
3376,1,1688
3377,1,1689
3381,1,1689
3378,1,1690
3382,1,1690
3379,1,1691
3383,1,1691
3380,1,1692
3384,1,1692
3385,1,1693
3389,1,1693
3386,1,1694
3390,1,1694
3387,1,1695
3391,1,1695
3388,1,1696
3392,1,1696
3393,1,1697
3397,1,1697
3394,1,1698
3398,1,1698
3395,1,1699
3399,1,1699
3396,1,1700
3400,1,1700
3401,1,1701
3405,1,1701
3402,1,1702
3406,1,1702
3403,1,1703
3407,1,1703
3404,1,1704
3408,1,1704
3409,1,1705
3413,1,1705
3410,1,1706
3414,1,1706
3411,1,1707
3415,1,1707
3412,1,1708
3416,1,1708
3417,1,1709
3421,1,1709
3418,1,1710
3422,1,1710
3419,1,1711
3423,1,1711
3420,1,1712
3424,1,1712
3425,1,1713
3429,1,1713
3426,1,1714
3430,1,1714
3427,1,1715
3431,1,1715
3428,1,1716
3432,1,1716
3433,1,1717
3437,1,1717
3434,1,1718
3438,1,1718
3435,1,1719
3439,1,1719
3436,1,1720
3440,1,1720
3441,1,1721
3445,1,1721
3442,1,1722
3446,1,1722
3443,1,1723
3447,1,1723
3444,1,1724
3448,1,1724
3449,1,1725
3453,1,1725
3450,1,1726
3454,1,1726
3451,1,1727
3455,1,1727
3452,1,1728
3456,1,1728
3457,1,1729
3461,1,1729
3458,1,1730
3462,1,1730
3459,1,1731
3463,1,1731
3460,1,1732
3464,1,1732
3465,1,1733
3469,1,1733
3466,1,1734
3470,1,1734
3467,1,1735
3471,1,1735
3468,1,1736
3472,1,1736
3473,1,1737
3477,1,1737
3474,1,1738
3478,1,1738
3475,1,1739
3479,1,1739
3476,1,1740
3480,1,1740
3481,1,1741
3485,1,1741
3482,1,1742
3486,1,1742
3483,1,1743
3487,1,1743
3484,1,1744
3488,1,1744
3489,1,1745
3493,1,1745
3490,1,1746
3494,1,1746
3491,1,1747
3495,1,1747
3492,1,1748
3496,1,1748
3497,1,1749
3501,1,1749
3498,1,1750
3502,1,1750
3499,1,1751
3503,1,1751
3500,1,1752
3504,1,1752
3505,1,1753
3509,1,1753
3506,1,1754
3510,1,1754
3507,1,1755
3511,1,1755
3508,1,1756
3512,1,1756
3513,1,1757
3517,1,1757
3514,1,1758
3518,1,1758
3515,1,1759
3519,1,1759
3516,1,1760
3520,1,1760
3521,1,1761
3525,1,1761
3522,1,1762
3526,1,1762
3523,1,1763
3527,1,1763
3524,1,1764
3528,1,1764
3529,1,1765
3533,1,1765
3530,1,1766
3534,1,1766
3531,1,1767
3535,1,1767
3532,1,1768
3536,1,1768
3537,1,1769
3541,1,1769
3538,1,1770
3542,1,1770
3539,1,1771
3543,1,1771
3540,1,1772
3544,1,1772
3545,1,1773
3549,1,1773
3546,1,1774
3550,1,1774
3547,1,1775
3551,1,1775
3548,1,1776
3552,1,1776
3553,1,1777
3557,1,1777
3554,1,1778
3558,1,1778
3555,1,1779
3559,1,1779
3556,1,1780
3560,1,1780
3561,1,1781
3565,1,1781
3562,1,1782
3566,1,1782
3563,1,1783
3567,1,1783
3564,1,1784
3568,1,1784
3569,1,1785
3573,1,1785
3570,1,1786
3574,1,1786
3571,1,1787
3575,1,1787
3572,1,1788
3576,1,1788
1,2,1
2,2,1
3,2,1
4,2,1
5,2,1
6,2,1
7,2,1
8,2,1
9,2,1
10,2,1
11,2,1
12,2,1
13,2,1
14,2,1
15,2,1
16,2,1
17,2,1
18,2,1
19,2,1
20,2,1
21,2,1
22,2,1
23,2,1
24,2,1
25,2,1
26,2,1
27,2,1
28,2,1
29,2,1
30,2,1
31,2,1
32,2,1
33,2,1
34,2,1
35,2,1
36,2,1
37,2,1
38,2,1
39,2,1
40,2,1
41,2,1
42,2,1
43,2,1
44,2,1
45,2,1
46,2,1
47,2,1
48,2,1
49,2,1
50,2,1
51,2,1
52,2,1
53,2,1
54,2,1
55,2,1
56,2,1
57,2,1
58,2,1
59,2,1
60,2,1
61,2,1
62,2,1
63,2,1
64,2,1
65,2,1
66,2,1
67,2,1
68,2,1
69,2,1
70,2,1
71,2,1
72,2,1
73,2,1
74,2,1
75,2,1
76,2,1
77,2,1
78,2,1
79,2,1
80,2,1
81,2,1
82,2,1
83,2,1
84,2,1
85,2,1
86,2,1
87,2,1
88,2,1
89,2,1
90,2,1
91,2,1
92,2,1
93,2,1
94,2,1
95,2,1
96,2,1
97,2,1
98,2,1
99,2,1
100,2,1
101,2,1
102,2,1
103,2,1
104,2,1
105,2,1
106,2,1
107,2,1
108,2,1
109,2,1
110,2,1
111,2,1
112,2,1
113,2,1
114,2,1
115,2,1
116,2,1
117,2,1
118,2,1
119,2,1
120,2,1
121,2,1
122,2,1
123,2,1
124,2,1
125,2,1
126,2,1
127,2,1
128,2,1
129,2,1
130,2,1
131,2,1
132,2,1
133,2,1
134,2,1
135,2,1
136,2,1
137,2,1
138,2,1
139,2,1
140,2,1
141,2,1
142,2,1
143,2,1
144,2,1
145,2,1
146,2,1
147,2,1
148,2,1
149,2,1
150,2,1
151,2,1
152,2,1
153,2,1
154,2,1
155,2,1
156,2,1
157,2,1
158,2,1
159,2,1
160,2,1
161,2,1
162,2,1
163,2,1
164,2,1
165,2,1
166,2,1
167,2,1
168,2,1
169,2,1
170,2,1
171,2,1
172,2,1
173,2,1
174,2,1
175,2,1
176,2,1
177,2,1
178,2,1
179,2,1
180,2,1
181,2,1
182,2,1
183,2,1
184,2,1
185,2,1
186,2,1
187,2,1
188,2,1
189,2,1
190,2,1
191,2,1
192,2,1
193,2,1
194,2,1
195,2,1
196,2,1
197,2,1
198,2,1
199,2,1
200,2,1
201,2,1
202,2,1
203,2,1
204,2,1
205,2,1
206,2,1
207,2,1
208,2,1
209,2,1
210,2,1
211,2,1
212,2,1
213,2,1
214,2,1
215,2,1
216,2,1
217,2,1
218,2,1
219,2,1
220,2,1
221,2,1
222,2,1
223,2,1
224,2,1
225,2,1
226,2,1
227,2,1
228,2,1
229,2,1
230,2,1
231,2,1
232,2,1
233,2,1
234,2,1
235,2,1
236,2,1
237,2,1
238,2,1
239,2,1
240,2,1
241,2,1
242,2,1
243,2,1
244,2,1
245,2,1
246,2,1
247,2,1
248,2,1
249,2,1
250,2,1
251,2,1
252,2,1
253,2,1
254,2,1
255,2,1
256,2,1
257,2,1
258,2,1
259,2,1
260,2,1
261,2,1
262,2,1
263,2,1
264,2,1
265,2,1
266,2,1
267,2,1
268,2,1
269,2,1
270,2,1
271,2,1
272,2,1
273,2,1
274,2,1
275,2,1
276,2,1
277,2,1
278,2,1
279,2,1
280,2,1
281,2,1
282,2,1
283,2,1
284,2,1
285,2,1
286,2,1
287,2,1
288,2,1
289,2,1
290,2,1
291,2,1
292,2,1
293,2,1
294,2,1
295,2,1
296,2,1
297,2,1
298,2,1
299,2,1
300,2,1
301,2,1
302,2,1
303,2,1
304,2,1
305,2,1
306,2,1
307,2,1
308,2,1
309,2,1
310,2,1
311,2,1
312,2,1
313,2,1
314,2,1
315,2,1
316,2,1
317,2,1
318,2,1
319,2,1
320,2,1
321,2,1
322,2,1
323,2,1
324,2,1
325,2,1
326,2,1
327,2,1
328,2,1
329,2,1
330,2,1
331,2,1
332,2,1
333,2,1
334,2,1
335,2,1
336,2,1
337,2,1
338,2,1
339,2,1
340,2,1
341,2,1
342,2,1
343,2,1
344,2,1
345,2,1
346,2,1
347,2,1
348,2,1
349,2,1
350,2,1
351,2,1
352,2,1
353,2,1
354,2,1
355,2,1
356,2,1
357,2,1
358,2,1
359,2,1
360,2,1
361,2,1
362,2,1
363,2,1
364,2,1
365,2,1
366,2,1
367,2,1
368,2,1
369,2,1
370,2,1
371,2,1
372,2,1
373,2,1
374,2,1
375,2,1
376,2,1
377,2,1
378,2,1
379,2,1
380,2,1
381,2,1
382,2,1
383,2,1
384,2,1
385,2,1
386,2,1
387,2,1
388,2,1
389,2,1
390,2,1
391,2,1
392,2,1
393,2,1
394,2,1
395,2,1
396,2,1
397,2,1
398,2,1
399,2,1
400,2,1
401,2,1
402,2,1
403,2,1
404,2,1
405,2,1
406,2,1
407,2,1
408,2,1
409,2,1
410,2,1
411,2,1
412,2,1
413,2,1
414,2,1
415,2,1
416,2,1
417,2,1
418,2,1
419,2,1
420,2,1
421,2,1
422,2,1
423,2,1
424,2,1
425,2,1
426,2,1
427,2,1
428,2,1
429,2,1
430,2,1
431,2,1
432,2,1
433,2,1
434,2,1
435,2,1
436,2,1
437,2,1
438,2,1
439,2,1
440,2,1
441,2,1
442,2,1
443,2,1
444,2,1
445,2,1
446,2,1
447,2,1
448,2,1
449,2,1
450,2,1
451,2,1
452,2,1
453,2,1
454,2,1
455,2,1
456,2,1
457,2,1
458,2,1
459,2,1
460,2,1
461,2,1
462,2,1
463,2,1
464,2,1
465,2,1
466,2,1
467,2,1
468,2,1
469,2,1
470,2,1
471,2,1
472,2,1
473,2,1
474,2,1
475,2,1
476,2,1
477,2,1
478,2,1
479,2,1
480,2,1
481,2,1
482,2,1
483,2,1
484,2,1
485,2,1
486,2,1
487,2,1
488,2,1
489,2,1
490,2,1
491,2,1
492,2,1
493,2,1
494,2,1
495,2,1
496,2,1
497,2,1
498,2,1
499,2,1
500,2,1
501,2,1
502,2,1
503,2,1
504,2,1
505,2,1
506,2,1
507,2,1
508,2,1
509,2,1
510,2,1
511,2,1
512,2,1
513,2,1
514,2,1
515,2,1
516,2,1
517,2,1
518,2,1
519,2,1
520,2,1
521,2,1
522,2,1
523,2,1
524,2,1
525,2,1
526,2,1
527,2,1
528,2,1
529,2,1
530,2,1
531,2,1
532,2,1
533,2,1
534,2,1
535,2,1
536,2,1
537,2,1
538,2,1
539,2,1
540,2,1
541,2,1
542,2,1
543,2,1
544,2,1
545,2,1
546,2,1
547,2,1
548,2,1
549,2,1
550,2,1
551,2,1
552,2,1
553,2,1
554,2,1
555,2,1
556,2,1
557,2,1
558,2,1
559,2,1
560,2,1
561,2,1
562,2,1
563,2,1
564,2,1
565,2,1
566,2,1
567,2,1
568,2,1
569,2,1
570,2,1
571,2,1
572,2,1
573,2,1
574,2,1
575,2,1
576,2,1
577,2,1
578,2,1
579,2,1
580,2,1
581,2,1
582,2,1
583,2,1
584,2,1
585,2,1
586,2,1
587,2,1
588,2,1
589,2,1
590,2,1
591,2,1
592,2,1
593,2,1
594,2,1
595,2,1
596,2,1
597,2,1
598,2,1
599,2,1
600,2,1
601,2,1
602,2,1
603,2,1
604,2,1
605,2,1
606,2,1
607,2,1
608,2,1
609,2,1
610,2,1
611,2,1
612,2,1
613,2,1
614,2,1
615,2,1
616,2,1
617,2,1
618,2,1
619,2,1
620,2,1
621,2,1
622,2,1
623,2,1
624,2,1
625,2,1
626,2,1
627,2,1
628,2,1
629,2,1
630,2,1
631,2,1
632,2,1
633,2,1
634,2,1
635,2,1
636,2,1
637,2,1
638,2,1
639,2,1
640,2,1
641,2,1
642,2,1
643,2,1
644,2,1
645,2,1
646,2,1
647,2,1
648,2,1
649,2,1
650,2,1
651,2,1
652,2,1
653,2,1
654,2,1
655,2,1
656,2,1
657,2,1
658,2,1
659,2,1
660,2,1
661,2,1
662,2,1
663,2,1
664,2,1
665,2,1
666,2,1
667,2,1
668,2,1
669,2,1
670,2,1
671,2,1
672,2,1
673,2,1
674,2,1
675,2,1
676,2,1
677,2,1
678,2,1
679,2,1
680,2,1
681,2,1
682,2,1
683,2,1
684,2,1
685,2,1
686,2,1
687,2,1
688,2,1
689,2,1
690,2,1
691,2,1
692,2,1
693,2,1
694,2,1
695,2,1
696,2,1
697,2,1
698,2,1
699,2,1
700,2,1
701,2,1
702,2,1
703,2,1
704,2,1
705,2,1
706,2,1
707,2,1
708,2,1
709,2,1
710,2,1
711,2,1
712,2,1
713,2,1
714,2,1
715,2,1
716,2,1
717,2,1
718,2,1
719,2,1
720,2,1
721,2,1
722,2,1
723,2,1
724,2,1
725,2,1
726,2,1
727,2,1
728,2,1
729,2,1
730,2,1
731,2,1
732,2,1
733,2,1
734,2,1
735,2,1
736,2,1
737,2,1
738,2,1
739,2,1
740,2,1
741,2,1
742,2,1
743,2,1
744,2,1
745,2,1
746,2,1
747,2,1
748,2,1
749,2,1
750,2,1
751,2,1
752,2,1
753,2,1
754,2,1
755,2,1
756,2,1
757,2,1
758,2,1
759,2,1
760,2,1
761,2,1
762,2,1
763,2,1
764,2,1
765,2,1
766,2,1
767,2,1
768,2,1
769,2,1
770,2,1
771,2,1
772,2,1
773,2,1
774,2,1
775,2,1
776,2,1
777,2,1
778,2,1
779,2,1
780,2,1
781,2,1
782,2,1
783,2,1
784,2,1
785,2,1
786,2,1
787,2,1
788,2,1
789,2,1
790,2,1
791,2,1
792,2,1
793,2,1
794,2,1
795,2,1
796,2,1
797,2,1
798,2,1
799,2,1
800,2,1
801,2,1
802,2,1
803,2,1
804,2,1
805,2,1
806,2,1
807,2,1
808,2,1
809,2,1
810,2,1
811,2,1
812,2,1
813,2,1
814,2,1
815,2,1
816,2,1
817,2,1
818,2,1
819,2,1
820,2,1
821,2,1
822,2,1
823,2,1
824,2,1
825,2,1
826,2,1
827,2,1
828,2,1
829,2,1
830,2,1
831,2,1
832,2,1
833,2,1
834,2,1
835,2,1
836,2,1
837,2,1
838,2,1
839,2,1
840,2,1
841,2,1
842,2,1
843,2,1
844,2,1
845,2,1
846,2,1
847,2,1
848,2,1
849,2,1
850,2,1
851,2,1
852,2,1
853,2,1
854,2,1
855,2,1
856,2,1
857,2,1
858,2,1
859,2,1
860,2,1
861,2,1
862,2,1
863,2,1
864,2,1
865,2,1
866,2,1
867,2,1
868,2,1
869,2,1
870,2,1
871,2,1
872,2,1
873,2,1
874,2,1
875,2,1
876,2,1
877,2,1
878,2,1
879,2,1
880,2,1
881,2,1
882,2,1
883,2,1
884,2,1
885,2,1
886,2,1
887,2,1
888,2,1
889,2,1
890,2,1
891,2,1
892,2,1
893,2,1
894,2,1
895,2,1
896,2,1
897,2,1
898,2,1
899,2,1
900,2,1
901,2,1
902,2,1
903,2,1
904,2,1
905,2,1
906,2,1
907,2,1
908,2,1
909,2,1
910,2,1
911,2,1
912,2,1
913,2,1
914,2,1
915,2,1
916,2,1
917,2,1
918,2,1
919,2,1
920,2,1
921,2,1
922,2,1
923,2,1
924,2,1
925,2,1
926,2,1
927,2,1
928,2,1
929,2,1
930,2,1
931,2,1
932,2,1
933,2,1
934,2,1
935,2,1
936,2,1
937,2,1
938,2,1
939,2,1
940,2,1
941,2,1
942,2,1
943,2,1
944,2,1
945,2,1
946,2,1
947,2,1
948,2,1
949,2,1
950,2,1
951,2,1
952,2,1
953,2,1
954,2,1
955,2,1
956,2,1
957,2,1
958,2,1
959,2,1
960,2,1
961,2,1
962,2,1
963,2,1
964,2,1
965,2,1
966,2,1
967,2,1
968,2,1
969,2,1
970,2,1
971,2,1
972,2,1
973,2,1
974,2,1
975,2,1
976,2,1
977,2,1
978,2,1
979,2,1
980,2,1
981,2,1
982,2,1
983,2,1
984,2,1
985,2,1
986,2,1
987,2,1
988,2,1
989,2,1
990,2,1
991,2,1
992,2,1
993,2,1
994,2,1
995,2,1
996,2,1
997,2,1
998,2,1
999,2,1
1000,2,1
1001,2,1
1002,2,1
1003,2,1
1004,2,1
1005,2,1
1006,2,1
1007,2,1
1008,2,1
1009,2,1
1010,2,1
1011,2,1
1012,2,1
1013,2,1
1014,2,1
1015,2,1
1016,2,1
1017,2,1
1018,2,1
1019,2,1
1020,2,1
1021,2,1
1022,2,1
1023,2,1
1024,2,1
1025,2,1
1026,2,1
1027,2,1
1028,2,1
1029,2,1
1030,2,1
1031,2,1
1032,2,1
1033,2,1
1034,2,1
1035,2,1
1036,2,1
1037,2,1
1038,2,1
1039,2,1
1040,2,1
1041,2,1
1042,2,1
1043,2,1
1044,2,1
1045,2,1
1046,2,1
1047,2,1
1048,2,1
1049,2,1
1050,2,1
1051,2,1
1052,2,1
1053,2,1
1054,2,1
1055,2,1
1056,2,1
1057,2,1
1058,2,1
1059,2,1
1060,2,1
1061,2,1
1062,2,1
1063,2,1
1064,2,1
1065,2,1
1066,2,1
1067,2,1
1068,2,1
1069,2,1
1070,2,1
1071,2,1
1072,2,1
1073,2,1
1074,2,1
1075,2,1
1076,2,1
1077,2,1
1078,2,1
1079,2,1
1080,2,1
1081,2,1
1082,2,1
1083,2,1
1084,2,1
1085,2,1
1086,2,1
1087,2,1
1088,2,1
1089,2,1
1090,2,1
1091,2,1
1092,2,1
1093,2,1
1094,2,1
1095,2,1
1096,2,1
1097,2,1
1098,2,1
1099,2,1
1100,2,1
1101,2,1
1102,2,1
1103,2,1
1104,2,1
1105,2,1
1106,2,1
1107,2,1
1108,2,1
1109,2,1
1110,2,1
1111,2,1
1112,2,1
1113,2,1
1114,2,1
1115,2,1
1116,2,1
1117,2,1
1118,2,1
1119,2,1
1120,2,1
1121,2,1
1122,2,1
1123,2,1
1124,2,1
1125,2,1
1126,2,1
1127,2,1
1128,2,1
1129,2,1
1130,2,1
1131,2,1
1132,2,1
1133,2,1
1134,2,1
1135,2,1
1136,2,1
1137,2,1
1138,2,1
1139,2,1
1140,2,1
1141,2,1
1142,2,1
1143,2,1
1144,2,1
1145,2,1
1146,2,1
1147,2,1
1148,2,1
1149,2,1
1150,2,1
1151,2,1
1152,2,1
1153,2,1
1154,2,1
1155,2,1
1156,2,1
1157,2,1
1158,2,1
1159,2,1
1160,2,1
1161,2,1
1162,2,1
1163,2,1
1164,2,1
1165,2,1
1166,2,1
1167,2,1
1168,2,1
1169,2,1
1170,2,1
1171,2,1
1172,2,1
1173,2,1
1174,2,1
1175,2,1
1176,2,1
1177,2,1
1178,2,1
1179,2,1
1180,2,1
1181,2,1
1182,2,1
1183,2,1
1184,2,1
1185,2,1
1186,2,1
1187,2,1
1188,2,1
1189,2,1
1190,2,1
1191,2,1
1192,2,1
1193,2,1
1194,2,1
1195,2,1
1196,2,1
1197,2,1
1198,2,1
1199,2,1
1200,2,1
1201,2,1
1202,2,1
1203,2,1
1204,2,1
1205,2,1
1206,2,1
1207,2,1
1208,2,1
1209,2,1
1210,2,1
1211,2,1
1212,2,1
1213,2,1
1214,2,1
1215,2,1
1216,2,1
1217,2,1
1218,2,1
1219,2,1
1220,2,1
1221,2,1
1222,2,1
1223,2,1
1224,2,1
1225,2,1
1226,2,1
1227,2,1
1228,2,1
1229,2,1
1230,2,1
1231,2,1
1232,2,1
1233,2,1
1234,2,1
1235,2,1
1236,2,1
1237,2,1
1238,2,1
1239,2,1
1240,2,1
1241,2,1
1242,2,1
1243,2,1
1244,2,1
1245,2,1
1246,2,1
1247,2,1
1248,2,1
1249,2,1
1250,2,1
1251,2,1
1252,2,1
1253,2,1
1254,2,1
1255,2,1
1256,2,1
1257,2,1
1258,2,1
1259,2,1
1260,2,1
1261,2,1
1262,2,1
1263,2,1
1264,2,1
1265,2,1
1266,2,1
1267,2,1
1268,2,1
1269,2,1
1270,2,1
1271,2,1
1272,2,1
1273,2,1
1274,2,1
1275,2,1
1276,2,1
1277,2,1
1278,2,1
1279,2,1
1280,2,1
1281,2,1
1282,2,1
1283,2,1
1284,2,1
1285,2,1
1286,2,1
1287,2,1
1288,2,1
1289,2,1
1290,2,1
1291,2,1
1292,2,1
1293,2,1
1294,2,1
1295,2,1
1296,2,1
1297,2,1
1298,2,1
1299,2,1
1300,2,1
1301,2,1
1302,2,1
1303,2,1
1304,2,1
1305,2,1
1306,2,1
1307,2,1
1308,2,1
1309,2,1
1310,2,1
1311,2,1
1312,2,1
1313,2,1
1314,2,1
1315,2,1
1316,2,1
1317,2,1
1318,2,1
1319,2,1
1320,2,1
1321,2,1
1322,2,1
1323,2,1
1324,2,1
1325,2,1
1326,2,1
1327,2,1
1328,2,1
1329,2,1
1330,2,1
1331,2,1
1332,2,1
1333,2,1
1334,2,1
1335,2,1
1336,2,1
1337,2,1
1338,2,1
1339,2,1
1340,2,1
1341,2,1
1342,2,1
1343,2,1
1344,2,1
1345,2,1
1346,2,1
1347,2,1
1348,2,1
1349,2,1
1350,2,1
1351,2,1
1352,2,1
1353,2,1
1354,2,1
1355,2,1
1356,2,1
1357,2,1
1358,2,1
1359,2,1
1360,2,1
1361,2,1
1362,2,1
1363,2,1
1364,2,1
1365,2,1
1366,2,1
1367,2,1
1368,2,1
1369,2,1
1370,2,1
1371,2,1
1372,2,1
1373,2,1
1374,2,1
1375,2,1
1376,2,1
1377,2,1
1378,2,1
1379,2,1
1380,2,1
1381,2,1
1382,2,1
1383,2,1
1384,2,1
1385,2,1
1386,2,1
1387,2,1
1388,2,1
1389,2,1
1390,2,1
1391,2,1
1392,2,1
1393,2,1
1394,2,1
1395,2,1
1396,2,1
1397,2,1
1398,2,1
1399,2,1
1400,2,1
1401,2,1
1402,2,1
1403,2,1
1404,2,1
1405,2,1
1406,2,1
1407,2,1
1408,2,1
1409,2,1
1410,2,1
1411,2,1
1412,2,1
1413,2,1
1414,2,1
1415,2,1
1416,2,1
1417,2,1
1418,2,1
1419,2,1
1420,2,1
1421,2,1
1422,2,1
1423,2,1
1424,2,1
1425,2,1
1426,2,1
1427,2,1
1428,2,1
1429,2,1
1430,2,1
1431,2,1
1432,2,1
1433,2,1
1434,2,1
1435,2,1
1436,2,1
1437,2,1
1438,2,1
1439,2,1
1440,2,1
1441,2,1
1442,2,1
1443,2,1
1444,2,1
1445,2,1
1446,2,1
1447,2,1
1448,2,1
1449,2,1
1450,2,1
1451,2,1
1452,2,1
1453,2,1
1454,2,1
1455,2,1
1456,2,1
1457,2,1
1458,2,1
1459,2,1
1460,2,1
1461,2,1
1462,2,1
1463,2,1
1464,2,1
1465,2,1
1466,2,1
1467,2,1
1468,2,1
1469,2,1
1470,2,1
1471,2,1
1472,2,1
1473,2,1
1474,2,1
1475,2,1
1476,2,1
1477,2,1
1478,2,1
1479,2,1
1480,2,1
1481,2,1
1482,2,1
1483,2,1
1484,2,1
1485,2,1
1486,2,1
1487,2,1
1488,2,1
1489,2,1
1490,2,1
1491,2,1
1492,2,1
1493,2,1
1494,2,1
1495,2,1
1496,2,1
1497,2,1
1498,2,1
1499,2,1
1500,2,1
1501,2,1
1502,2,1
1503,2,1
1504,2,1
1505,2,1
1506,2,1
1507,2,1
1508,2,1
1509,2,1
1510,2,1
1511,2,1
1512,2,1
1513,2,1
1514,2,1
1515,2,1
1516,2,1
1517,2,1
1518,2,1
1519,2,1
1520,2,1
1521,2,1
1522,2,1
1523,2,1
1524,2,1
1525,2,1
1526,2,1
1527,2,1
1528,2,1
1529,2,1
1530,2,1
1531,2,1
1532,2,1
1533,2,1
1534,2,1
1535,2,1
1536,2,1
1537,2,1
1538,2,1
1539,2,1
1540,2,1
1541,2,1
1542,2,1
1543,2,1
1544,2,1
1545,2,1
1546,2,1
1547,2,1
1548,2,1
1549,2,1
1550,2,1
1551,2,1
1552,2,1
1553,2,1
1554,2,1
1555,2,1
1556,2,1
1557,2,1
1558,2,1
1559,2,1
1560,2,1
1561,2,1
1562,2,1
1563,2,1
1564,2,1
1565,2,1
1566,2,1
1567,2,1
1568,2,1
1569,2,1
1570,2,1
1571,2,1
1572,2,1
1573,2,1
1574,2,1
1575,2,1
1576,2,1
1577,2,1
1578,2,1
1579,2,1
1580,2,1
1581,2,1
1582,2,1
1583,2,1
1584,2,1
1585,2,1
1586,2,1
1587,2,1
1588,2,1
1589,2,1
1590,2,1
1591,2,1
1592,2,1
1593,2,1
1594,2,1
1595,2,1
1596,2,1
1597,2,1
1598,2,1
1599,2,1
1600,2,1
1601,2,1
1602,2,1
1603,2,1
1604,2,1
1605,2,1
1606,2,1
1607,2,1
1608,2,1
1609,2,1
1610,2,1
1611,2,1
1612,2,1
1613,2,1
1614,2,1
1615,2,1
1616,2,1
1617,2,1
1618,2,1
1619,2,1
1620,2,1
1621,2,1
1622,2,1
1623,2,1
1624,2,1
1625,2,1
1626,2,1
1627,2,1
1628,2,1
1629,2,1
1630,2,1
1631,2,1
1632,2,1
1633,2,1
1634,2,1
1635,2,1
1636,2,1
1637,2,1
1638,2,1
1639,2,1
1640,2,1
1641,2,1
1642,2,1
1643,2,1
1644,2,1
1645,2,1
1646,2,1
1647,2,1
1648,2,1
1649,2,1
1650,2,1
1651,2,1
1652,2,1
1653,2,1
1654,2,1
1655,2,1
1656,2,1
1657,2,1
1658,2,1
1659,2,1
1660,2,1
1661,2,1
1662,2,1
1663,2,1
1664,2,1
1665,2,1
1666,2,1
1667,2,1
1668,2,1
1669,2,1
1670,2,1
1671,2,1
1672,2,1
1673,2,1
1674,2,1
1675,2,1
1676,2,1
1677,2,1
1678,2,1
1679,2,1
1680,2,1
1681,2,1
1682,2,1
1683,2,1
1684,2,1
1685,2,1
1686,2,1
1687,2,1
1688,2,1
1689,2,1
1690,2,1
1691,2,1
1692,2,1
1693,2,1
1694,2,1
1695,2,1
1696,2,1
1697,2,1
1698,2,1
1699,2,1
1700,2,1
1701,2,1
1702,2,1
1703,2,1
1704,2,1
1705,2,1
1706,2,1
1707,2,1
1708,2,1
1709,2,1
1710,2,1
1711,2,1
1712,2,1
1713,2,1
1714,2,1
1715,2,1
1716,2,1
1717,2,1
1718,2,1
1719,2,1
1720,2,1
1721,2,1
1722,2,1
1723,2,1
1724,2,1
1725,2,1
1726,2,1
1727,2,1
1728,2,1
1729,2,1
1730,2,1
1731,2,1
1732,2,1
1733,2,1
1734,2,1
1735,2,1
1736,2,1
1737,2,1
1738,2,1
1739,2,1
1740,2,1
1741,2,1
1742,2,1
1743,2,1
1744,2,1
1745,2,1
1746,2,1
1747,2,1
1748,2,1
1749,2,1
1750,2,1
1751,2,1
1752,2,1
1753,2,1
1754,2,1
1755,2,1
1756,2,1
1757,2,1
1758,2,1
1759,2,1
1760,2,1
1761,2,1
1762,2,1
1763,2,1
1764,2,1
1765,2,1
1766,2,1
1767,2,1
1768,2,1
1769,2,1
1770,2,1
1771,2,1
1772,2,1
1773,2,1
1774,2,1
1775,2,1
1776,2,1
1777,2,1
1778,2,1
1779,2,1
1780,2,1
1781,2,1
1782,2,1
1783,2,1
1784,2,1
1785,2,1
1786,2,1
1787,2,1
1788,2,1
