"item_id", "coverage_id", "areaperil_id", "vulnerability_id", "group_id"
1, 1, 1, 1, 1
2, 2, 1, 1, 1
3, 3, 1, 1, 1
4, 4, 1, 1, 1
5, 1, 448, 448, 1
6, 2, 448, 448, 1
7, 3, 448, 448, 1
8, 4, 448, 448, 1
9, 5, 2, 2, 9
10, 6, 2, 2, 9
11, 7, 2, 2, 9
12, 8, 2, 2, 9
13, 5, 449, 449, 9
14, 6, 449, 449, 9
15, 7, 449, 449, 9
16, 8, 449, 449, 9
17, 9, 3, 3, 17
18, 10, 3, 3, 17
19, 11, 3, 3, 17
20, 12, 3, 3, 17
21, 9, 450, 450, 17
22, 10, 450, 450, 17
23, 11, 450, 450, 17
24, 12, 450, 450, 17
25, 13, 4, 4, 25
26, 14, 4, 4, 25
27, 15, 4, 4, 25
28, 16, 4, 4, 25
29, 13, 451, 451, 25
30, 14, 451, 451, 25
31, 15, 451, 451, 25
32, 16, 451, 451, 25
33, 17, 5, 5, 33
34, 18, 5, 5, 33
35, 19, 5, 5, 33
36, 20, 5, 5, 33
37, 17, 452, 452, 33
38, 18, 452, 452, 33
39, 19, 452, 452, 33
40, 20, 452, 452, 33
41, 21, 6, 6, 41
42, 22, 6, 6, 41
43, 23, 6, 6, 41
44, 24, 6, 6, 41
45, 21, 453, 453, 41
46, 22, 453, 453, 41
47, 23, 453, 453, 41
48, 24, 453, 453, 41
49, 25, 7, 7, 49
50, 26, 7, 7, 49
51, 27, 7, 7, 49
52, 28, 7, 7, 49
53, 25, 454, 454, 49
54, 26, 454, 454, 49
55, 27, 454, 454, 49
56, 28, 454, 454, 49
57, 29, 8, 8, 57
58, 30, 8, 8, 57
59, 31, 8, 8, 57
60, 32, 8, 8, 57
61, 29, 455, 455, 57
62, 30, 455, 455, 57
63, 31, 455, 455, 57
64, 32, 455, 455, 57
65, 33, 9, 9, 65
66, 34, 9, 9, 65
67, 35, 9, 9, 65
68, 36, 9, 9, 65
69, 33, 456, 456, 65
70, 34, 456, 456, 65
71, 35, 456, 456, 65
72, 36, 456, 456, 65
73, 37, 10, 10, 73
74, 38, 10, 10, 73
75, 39, 10, 10, 73
76, 40, 10, 10, 73
77, 37, 457, 457, 73
78, 38, 457, 457, 73
79, 39, 457, 457, 73
80, 40, 457, 457, 73
81, 41, 11, 11, 81
82, 42, 11, 11, 81
83, 43, 11, 11, 81
84, 44, 11, 11, 81
85, 41, 458, 458, 81
86, 42, 458, 458, 81
87, 43, 458, 458, 81
88, 44, 458, 458, 81
89, 45, 12, 12, 89
90, 46, 12, 12, 89
91, 47, 12, 12, 89
92, 48, 12, 12, 89
93, 45, 459, 459, 89
94, 46, 459, 459, 89
95, 47, 459, 459, 89
96, 48, 459, 459, 89
97, 49, 13, 13, 97
98, 50, 13, 13, 97
99, 51, 13, 13, 97
100, 52, 13, 13, 97
101, 49, 460, 460, 97
102, 50, 460, 460, 97
103, 51, 460, 460, 97
104, 52, 460, 460, 97
105, 53, 14, 14, 105
106, 54, 14, 14, 105
107, 55, 14, 14, 105
108, 56, 14, 14, 105
109, 53, 461, 461, 105
110, 54, 461, 461, 105
111, 55, 461, 461, 105
112, 56, 461, 461, 105
113, 57, 15, 15, 113
114, 58, 15, 15, 113
115, 59, 15, 15, 113
116, 60, 15, 15, 113
117, 57, 462, 462, 113
118, 58, 462, 462, 113
119, 59, 462, 462, 113
120, 60, 462, 462, 113
121, 61, 16, 16, 121
122, 62, 16, 16, 121
123, 63, 16, 16, 121
124, 64, 16, 16, 121
125, 61, 463, 463, 121
126, 62, 463, 463, 121
127, 63, 463, 463, 121
128, 64, 463, 463, 121
129, 65, 17, 17, 129
130, 66, 17, 17, 129
131, 67, 17, 17, 129
132, 68, 17, 17, 129
133, 65, 464, 464, 129
134, 66, 464, 464, 129
135, 67, 464, 464, 129
136, 68, 464, 464, 129
137, 69, 18, 18, 137
138, 70, 18, 18, 137
139, 71, 18, 18, 137
140, 72, 18, 18, 137
141, 69, 465, 465, 137
142, 70, 465, 465, 137
143, 71, 465, 465, 137
144, 72, 465, 465, 137
145, 73, 19, 19, 145
146, 74, 19, 19, 145
147, 75, 19, 19, 145
148, 76, 19, 19, 145
149, 73, 466, 466, 145
150, 74, 466, 466, 145
151, 75, 466, 466, 145
152, 76, 466, 466, 145
153, 77, 20, 20, 153
154, 78, 20, 20, 153
155, 79, 20, 20, 153
156, 80, 20, 20, 153
157, 77, 467, 467, 153
158, 78, 467, 467, 153
159, 79, 467, 467, 153
160, 80, 467, 467, 153
161, 81, 21, 21, 161
162, 82, 21, 21, 161
163, 83, 21, 21, 161
164, 84, 21, 21, 161
165, 81, 468, 468, 161
166, 82, 468, 468, 161
167, 83, 468, 468, 161
168, 84, 468, 468, 161
169, 85, 22, 22, 169
170, 86, 22, 22, 169
171, 87, 22, 22, 169
172, 88, 22, 22, 169
173, 85, 469, 469, 169
174, 86, 469, 469, 169
175, 87, 469, 469, 169
176, 88, 469, 469, 169
177, 89, 23, 23, 177
178, 90, 23, 23, 177
179, 91, 23, 23, 177
180, 92, 23, 23, 177
181, 89, 470, 470, 177
182, 90, 470, 470, 177
183, 91, 470, 470, 177
184, 92, 470, 470, 177
185, 93, 24, 24, 185
186, 94, 24, 24, 185
187, 95, 24, 24, 185
188, 96, 24, 24, 185
189, 93, 471, 471, 185
190, 94, 471, 471, 185
191, 95, 471, 471, 185
192, 96, 471, 471, 185
193, 97, 25, 25, 193
194, 98, 25, 25, 193
195, 99, 25, 25, 193
196, 100, 25, 25, 193
197, 97, 472, 472, 193
198, 98, 472, 472, 193
199, 99, 472, 472, 193
200, 100, 472, 472, 193
201, 101, 26, 26, 201
202, 102, 26, 26, 201
203, 103, 26, 26, 201
204, 104, 26, 26, 201
205, 101, 473, 473, 201
206, 102, 473, 473, 201
207, 103, 473, 473, 201
208, 104, 473, 473, 201
209, 105, 27, 27, 209
210, 106, 27, 27, 209
211, 107, 27, 27, 209
212, 108, 27, 27, 209
213, 105, 474, 474, 209
214, 106, 474, 474, 209
215, 107, 474, 474, 209
216, 108, 474, 474, 209
217, 109, 28, 28, 217
218, 110, 28, 28, 217
219, 111, 28, 28, 217
220, 112, 28, 28, 217
221, 109, 475, 475, 217
222, 110, 475, 475, 217
223, 111, 475, 475, 217
224, 112, 475, 475, 217
225, 113, 29, 29, 225
226, 114, 29, 29, 225
227, 115, 29, 29, 225
228, 116, 29, 29, 225
229, 113, 476, 476, 225
230, 114, 476, 476, 225
231, 115, 476, 476, 225
232, 116, 476, 476, 225
233, 117, 30, 30, 233
234, 118, 30, 30, 233
235, 119, 30, 30, 233
236, 120, 30, 30, 233
237, 117, 477, 477, 233
238, 118, 477, 477, 233
239, 119, 477, 477, 233
240, 120, 477, 477, 233
241, 121, 31, 31, 241
242, 122, 31, 31, 241
243, 123, 31, 31, 241
244, 124, 31, 31, 241
245, 121, 478, 478, 241
246, 122, 478, 478, 241
247, 123, 478, 478, 241
248, 124, 478, 478, 241
249, 125, 32, 32, 249
250, 126, 32, 32, 249
251, 127, 32, 32, 249
252, 128, 32, 32, 249
253, 125, 479, 479, 249
254, 126, 479, 479, 249
255, 127, 479, 479, 249
256, 128, 479, 479, 249
257, 129, 33, 33, 257
258, 130, 33, 33, 257
259, 131, 33, 33, 257
260, 132, 33, 33, 257
261, 129, 480, 480, 257
262, 130, 480, 480, 257
263, 131, 480, 480, 257
264, 132, 480, 480, 257
265, 133, 34, 34, 265
266, 134, 34, 34, 265
267, 135, 34, 34, 265
268, 136, 34, 34, 265
269, 133, 481, 481, 265
270, 134, 481, 481, 265
271, 135, 481, 481, 265
272, 136, 481, 481, 265
273, 137, 35, 35, 273
274, 138, 35, 35, 273
275, 139, 35, 35, 273
276, 140, 35, 35, 273
277, 137, 482, 482, 273
278, 138, 482, 482, 273
279, 139, 482, 482, 273
280, 140, 482, 482, 273
281, 141, 36, 36, 281
282, 142, 36, 36, 281
283, 143, 36, 36, 281
284, 144, 36, 36, 281
285, 141, 483, 483, 281
286, 142, 483, 483, 281
287, 143, 483, 483, 281
288, 144, 483, 483, 281
289, 145, 37, 37, 289
290, 146, 37, 37, 289
291, 147, 37, 37, 289
292, 148, 37, 37, 289
293, 145, 484, 484, 289
294, 146, 484, 484, 289
295, 147, 484, 484, 289
296, 148, 484, 484, 289
297, 149, 38, 38, 297
298, 150, 38, 38, 297
299, 151, 38, 38, 297
300, 152, 38, 38, 297
301, 149, 485, 485, 297
302, 150, 485, 485, 297
303, 151, 485, 485, 297
304, 152, 485, 485, 297
305, 153, 39, 39, 305
306, 154, 39, 39, 305
307, 155, 39, 39, 305
308, 156, 39, 39, 305
309, 153, 486, 486, 305
310, 154, 486, 486, 305
311, 155, 486, 486, 305
312, 156, 486, 486, 305
313, 157, 40, 40, 313
314, 158, 40, 40, 313
315, 159, 40, 40, 313
316, 160, 40, 40, 313
317, 157, 487, 487, 313
318, 158, 487, 487, 313
319, 159, 487, 487, 313
320, 160, 487, 487, 313
321, 161, 41, 41, 321
322, 162, 41, 41, 321
323, 163, 41, 41, 321
324, 164, 41, 41, 321
325, 161, 488, 488, 321
326, 162, 488, 488, 321
327, 163, 488, 488, 321
328, 164, 488, 488, 321
329, 165, 42, 42, 329
330, 166, 42, 42, 329
331, 167, 42, 42, 329
332, 168, 42, 42, 329
333, 165, 489, 489, 329
334, 166, 489, 489, 329
335, 167, 489, 489, 329
336, 168, 489, 489, 329
337, 169, 43, 43, 337
338, 170, 43, 43, 337
339, 171, 43, 43, 337
340, 172, 43, 43, 337
341, 169, 490, 490, 337
342, 170, 490, 490, 337
343, 171, 490, 490, 337
344, 172, 490, 490, 337
345, 173, 44, 44, 345
346, 174, 44, 44, 345
347, 175, 44, 44, 345
348, 176, 44, 44, 345
349, 173, 491, 491, 345
350, 174, 491, 491, 345
351, 175, 491, 491, 345
352, 176, 491, 491, 345
353, 177, 45, 45, 353
354, 178, 45, 45, 353
355, 179, 45, 45, 353
356, 180, 45, 45, 353
357, 177, 492, 492, 353
358, 178, 492, 492, 353
359, 179, 492, 492, 353
360, 180, 492, 492, 353
361, 181, 46, 46, 361
362, 182, 46, 46, 361
363, 183, 46, 46, 361
364, 184, 46, 46, 361
365, 181, 493, 493, 361
366, 182, 493, 493, 361
367, 183, 493, 493, 361
368, 184, 493, 493, 361
369, 185, 47, 47, 369
370, 186, 47, 47, 369
371, 187, 47, 47, 369
372, 188, 47, 47, 369
373, 185, 494, 494, 369
374, 186, 494, 494, 369
375, 187, 494, 494, 369
376, 188, 494, 494, 369
377, 189, 48, 48, 377
378, 190, 48, 48, 377
379, 191, 48, 48, 377
380, 192, 48, 48, 377
381, 189, 495, 495, 377
382, 190, 495, 495, 377
383, 191, 495, 495, 377
384, 192, 495, 495, 377
385, 193, 49, 49, 385
386, 194, 49, 49, 385
387, 195, 49, 49, 385
388, 196, 49, 49, 385
389, 193, 496, 496, 385
390, 194, 496, 496, 385
391, 195, 496, 496, 385
392, 196, 496, 496, 385
393, 197, 50, 50, 393
394, 198, 50, 50, 393
395, 199, 50, 50, 393
396, 200, 50, 50, 393
397, 197, 497, 497, 393
398, 198, 497, 497, 393
399, 199, 497, 497, 393
400, 200, 497, 497, 393
401, 201, 51, 51, 401
402, 202, 51, 51, 401
403, 203, 51, 51, 401
404, 204, 51, 51, 401
405, 201, 498, 498, 401
406, 202, 498, 498, 401
407, 203, 498, 498, 401
408, 204, 498, 498, 401
409, 205, 52, 52, 409
410, 206, 52, 52, 409
411, 207, 52, 52, 409
412, 208, 52, 52, 409
413, 205, 499, 499, 409
414, 206, 499, 499, 409
415, 207, 499, 499, 409
416, 208, 499, 499, 409
417, 209, 53, 53, 417
418, 210, 53, 53, 417
419, 211, 53, 53, 417
420, 212, 53, 53, 417
421, 209, 500, 500, 417
422, 210, 500, 500, 417
423, 211, 500, 500, 417
424, 212, 500, 500, 417
425, 213, 54, 54, 425
426, 214, 54, 54, 425
427, 215, 54, 54, 425
428, 216, 54, 54, 425
429, 213, 501, 501, 425
430, 214, 501, 501, 425
431, 215, 501, 501, 425
432, 216, 501, 501, 425
433, 217, 55, 55, 433
434, 218, 55, 55, 433
435, 219, 55, 55, 433
436, 220, 55, 55, 433
437, 217, 502, 502, 433
438, 218, 502, 502, 433
439, 219, 502, 502, 433
440, 220, 502, 502, 433
441, 221, 56, 56, 441
442, 222, 56, 56, 441
443, 223, 56, 56, 441
444, 224, 56, 56, 441
445, 221, 503, 503, 441
446, 222, 503, 503, 441
447, 223, 503, 503, 441
448, 224, 503, 503, 441
449, 225, 57, 57, 449
450, 226, 57, 57, 449
451, 227, 57, 57, 449
452, 228, 57, 57, 449
453, 225, 504, 504, 449
454, 226, 504, 504, 449
455, 227, 504, 504, 449
456, 228, 504, 504, 449
457, 229, 58, 58, 457
458, 230, 58, 58, 457
459, 231, 58, 58, 457
460, 232, 58, 58, 457
461, 229, 505, 505, 457
462, 230, 505, 505, 457
463, 231, 505, 505, 457
464, 232, 505, 505, 457
465, 233, 59, 59, 465
466, 234, 59, 59, 465
467, 235, 59, 59, 465
468, 236, 59, 59, 465
469, 233, 506, 506, 465
470, 234, 506, 506, 465
471, 235, 506, 506, 465
472, 236, 506, 506, 465
473, 237, 60, 60, 473
474, 238, 60, 60, 473
475, 239, 60, 60, 473
476, 240, 60, 60, 473
477, 237, 507, 507, 473
478, 238, 507, 507, 473
479, 239, 507, 507, 473
480, 240, 507, 507, 473
481, 241, 61, 61, 481
482, 242, 61, 61, 481
483, 243, 61, 61, 481
484, 244, 61, 61, 481
485, 241, 508, 508, 481
486, 242, 508, 508, 481
487, 243, 508, 508, 481
488, 244, 508, 508, 481
489, 245, 62, 62, 489
490, 246, 62, 62, 489
491, 247, 62, 62, 489
492, 248, 62, 62, 489
493, 245, 509, 509, 489
494, 246, 509, 509, 489
495, 247, 509, 509, 489
496, 248, 509, 509, 489
497, 249, 63, 63, 497
498, 250, 63, 63, 497
499, 251, 63, 63, 497
500, 252, 63, 63, 497
501, 249, 510, 510, 497
502, 250, 510, 510, 497
503, 251, 510, 510, 497
504, 252, 510, 510, 497
505, 253, 64, 64, 505
506, 254, 64, 64, 505
507, 255, 64, 64, 505
508, 256, 64, 64, 505
509, 253, 511, 511, 505
510, 254, 511, 511, 505
511, 255, 511, 511, 505
512, 256, 511, 511, 505
513, 257, 65, 65, 513
514, 258, 65, 65, 513
515, 259, 65, 65, 513
516, 260, 65, 65, 513
517, 257, 512, 512, 513
518, 258, 512, 512, 513
519, 259, 512, 512, 513
520, 260, 512, 512, 513
521, 261, 66, 66, 521
522, 262, 66, 66, 521
523, 263, 66, 66, 521
524, 264, 66, 66, 521
525, 261, 513, 513, 521
526, 262, 513, 513, 521
527, 263, 513, 513, 521
528, 264, 513, 513, 521
529, 265, 67, 67, 529
530, 266, 67, 67, 529
531, 267, 67, 67, 529
532, 268, 67, 67, 529
533, 265, 514, 514, 529
534, 266, 514, 514, 529
535, 267, 514, 514, 529
536, 268, 514, 514, 529
537, 269, 68, 68, 537
538, 270, 68, 68, 537
539, 271, 68, 68, 537
540, 272, 68, 68, 537
541, 269, 515, 515, 537
542, 270, 515, 515, 537
543, 271, 515, 515, 537
544, 272, 515, 515, 537
545, 273, 69, 69, 545
546, 274, 69, 69, 545
547, 275, 69, 69, 545
548, 276, 69, 69, 545
549, 273, 516, 516, 545
550, 274, 516, 516, 545
551, 275, 516, 516, 545
552, 276, 516, 516, 545
553, 277, 70, 70, 553
554, 278, 70, 70, 553
555, 279, 70, 70, 553
556, 280, 70, 70, 553
557, 277, 517, 517, 553
558, 278, 517, 517, 553
559, 279, 517, 517, 553
560, 280, 517, 517, 553
561, 281, 71, 71, 561
562, 282, 71, 71, 561
563, 283, 71, 71, 561
564, 284, 71, 71, 561
565, 281, 518, 518, 561
566, 282, 518, 518, 561
567, 283, 518, 518, 561
568, 284, 518, 518, 561
569, 285, 72, 72, 569
570, 286, 72, 72, 569
571, 287, 72, 72, 569
572, 288, 72, 72, 569
573, 285, 519, 519, 569
574, 286, 519, 519, 569
575, 287, 519, 519, 569
576, 288, 519, 519, 569
577, 289, 73, 73, 577
578, 290, 73, 73, 577
579, 291, 73, 73, 577
580, 292, 73, 73, 577
581, 289, 520, 520, 577
582, 290, 520, 520, 577
583, 291, 520, 520, 577
584, 292, 520, 520, 577
585, 293, 74, 74, 585
586, 294, 74, 74, 585
587, 295, 74, 74, 585
588, 296, 74, 74, 585
589, 293, 521, 521, 585
590, 294, 521, 521, 585
591, 295, 521, 521, 585
592, 296, 521, 521, 585
593, 297, 75, 75, 593
594, 298, 75, 75, 593
595, 299, 75, 75, 593
596, 300, 75, 75, 593
597, 297, 522, 522, 593
598, 298, 522, 522, 593
599, 299, 522, 522, 593
600, 300, 522, 522, 593
601, 301, 76, 76, 601
602, 302, 76, 76, 601
603, 303, 76, 76, 601
604, 304, 76, 76, 601
605, 301, 523, 523, 601
606, 302, 523, 523, 601
607, 303, 523, 523, 601
608, 304, 523, 523, 601
609, 305, 77, 77, 609
610, 306, 77, 77, 609
611, 307, 77, 77, 609
612, 308, 77, 77, 609
613, 305, 524, 524, 609
614, 306, 524, 524, 609
615, 307, 524, 524, 609
616, 308, 524, 524, 609
617, 309, 78, 78, 617
618, 310, 78, 78, 617
619, 311, 78, 78, 617
620, 312, 78, 78, 617
621, 309, 525, 525, 617
622, 310, 525, 525, 617
623, 311, 525, 525, 617
624, 312, 525, 525, 617
625, 313, 79, 79, 625
626, 314, 79, 79, 625
627, 315, 79, 79, 625
628, 316, 79, 79, 625
629, 313, 526, 526, 625
630, 314, 526, 526, 625
631, 315, 526, 526, 625
632, 316, 526, 526, 625
633, 317, 80, 80, 633
634, 318, 80, 80, 633
635, 319, 80, 80, 633
636, 320, 80, 80, 633
637, 317, 527, 527, 633
638, 318, 527, 527, 633
639, 319, 527, 527, 633
640, 320, 527, 527, 633
641, 321, 81, 81, 641
642, 322, 81, 81, 641
643, 323, 81, 81, 641
644, 324, 81, 81, 641
645, 321, 528, 528, 641
646, 322, 528, 528, 641
647, 323, 528, 528, 641
648, 324, 528, 528, 641
649, 325, 82, 82, 649
650, 326, 82, 82, 649
651, 327, 82, 82, 649
652, 328, 82, 82, 649
653, 325, 529, 529, 649
654, 326, 529, 529, 649
655, 327, 529, 529, 649
656, 328, 529, 529, 649
657, 329, 83, 83, 657
658, 330, 83, 83, 657
659, 331, 83, 83, 657
660, 332, 83, 83, 657
661, 329, 530, 530, 657
662, 330, 530, 530, 657
663, 331, 530, 530, 657
664, 332, 530, 530, 657
665, 333, 84, 84, 665
666, 334, 84, 84, 665
667, 335, 84, 84, 665
668, 336, 84, 84, 665
669, 333, 531, 531, 665
670, 334, 531, 531, 665
671, 335, 531, 531, 665
672, 336, 531, 531, 665
673, 337, 85, 85, 673
674, 338, 85, 85, 673
675, 339, 85, 85, 673
676, 340, 85, 85, 673
677, 337, 532, 532, 673
678, 338, 532, 532, 673
679, 339, 532, 532, 673
680, 340, 532, 532, 673
681, 341, 86, 86, 681
682, 342, 86, 86, 681
683, 343, 86, 86, 681
684, 344, 86, 86, 681
685, 341, 533, 533, 681
686, 342, 533, 533, 681
687, 343, 533, 533, 681
688, 344, 533, 533, 681
689, 345, 87, 87, 689
690, 346, 87, 87, 689
691, 347, 87, 87, 689
692, 348, 87, 87, 689
693, 345, 534, 534, 689
694, 346, 534, 534, 689
695, 347, 534, 534, 689
696, 348, 534, 534, 689
697, 349, 88, 88, 697
698, 350, 88, 88, 697
699, 351, 88, 88, 697
700, 352, 88, 88, 697
701, 349, 535, 535, 697
702, 350, 535, 535, 697
703, 351, 535, 535, 697
704, 352, 535, 535, 697
705, 353, 89, 89, 705
706, 354, 89, 89, 705
707, 355, 89, 89, 705
708, 356, 89, 89, 705
709, 353, 536, 536, 705
710, 354, 536, 536, 705
711, 355, 536, 536, 705
712, 356, 536, 536, 705
713, 357, 90, 90, 713
714, 358, 90, 90, 713
715, 359, 90, 90, 713
716, 360, 90, 90, 713
717, 357, 537, 537, 713
718, 358, 537, 537, 713
719, 359, 537, 537, 713
720, 360, 537, 537, 713
721, 361, 91, 91, 721
722, 362, 91, 91, 721
723, 363, 91, 91, 721
724, 364, 91, 91, 721
725, 361, 538, 538, 721
726, 362, 538, 538, 721
727, 363, 538, 538, 721
728, 364, 538, 538, 721
729, 365, 92, 92, 729
730, 366, 92, 92, 729
731, 367, 92, 92, 729
732, 368, 92, 92, 729
733, 365, 539, 539, 729
734, 366, 539, 539, 729
735, 367, 539, 539, 729
736, 368, 539, 539, 729
737, 369, 93, 93, 737
738, 370, 93, 93, 737
739, 371, 93, 93, 737
740, 372, 93, 93, 737
741, 369, 540, 540, 737
742, 370, 540, 540, 737
743, 371, 540, 540, 737
744, 372, 540, 540, 737
745, 373, 94, 94, 745
746, 374, 94, 94, 745
747, 375, 94, 94, 745
748, 376, 94, 94, 745
749, 373, 541, 541, 745
750, 374, 541, 541, 745
751, 375, 541, 541, 745
752, 376, 541, 541, 745
753, 377, 95, 95, 753
754, 378, 95, 95, 753
755, 379, 95, 95, 753
756, 380, 95, 95, 753
757, 377, 542, 542, 753
758, 378, 542, 542, 753
759, 379, 542, 542, 753
760, 380, 542, 542, 753
761, 381, 96, 96, 761
762, 382, 96, 96, 761
763, 383, 96, 96, 761
764, 384, 96, 96, 761
765, 381, 543, 543, 761
766, 382, 543, 543, 761
767, 383, 543, 543, 761
768, 384, 543, 543, 761
769, 385, 97, 97, 769
770, 386, 97, 97, 769
771, 387, 97, 97, 769
772, 388, 97, 97, 769
773, 385, 544, 544, 769
774, 386, 544, 544, 769
775, 387, 544, 544, 769
776, 388, 544, 544, 769
777, 389, 98, 98, 777
778, 390, 98, 98, 777
779, 391, 98, 98, 777
780, 392, 98, 98, 777
781, 389, 545, 545, 777
782, 390, 545, 545, 777
783, 391, 545, 545, 777
784, 392, 545, 545, 777
785, 393, 99, 99, 785
786, 394, 99, 99, 785
787, 395, 99, 99, 785
788, 396, 99, 99, 785
789, 393, 546, 546, 785
790, 394, 546, 546, 785
791, 395, 546, 546, 785
792, 396, 546, 546, 785
793, 397, 100, 100, 793
794, 398, 100, 100, 793
795, 399, 100, 100, 793
796, 400, 100, 100, 793
797, 397, 547, 547, 793
798, 398, 547, 547, 793
799, 399, 547, 547, 793
800, 400, 547, 547, 793
801, 401, 101, 101, 801
802, 402, 101, 101, 801
803, 403, 101, 101, 801
804, 404, 101, 101, 801
805, 401, 548, 548, 801
806, 402, 548, 548, 801
807, 403, 548, 548, 801
808, 404, 548, 548, 801
809, 405, 102, 102, 809
810, 406, 102, 102, 809
811, 407, 102, 102, 809
812, 408, 102, 102, 809
813, 405, 549, 549, 809
814, 406, 549, 549, 809
815, 407, 549, 549, 809
816, 408, 549, 549, 809
817, 409, 103, 103, 817
818, 410, 103, 103, 817
819, 411, 103, 103, 817
820, 412, 103, 103, 817
821, 409, 550, 550, 817
822, 410, 550, 550, 817
823, 411, 550, 550, 817
824, 412, 550, 550, 817
825, 413, 104, 104, 825
826, 414, 104, 104, 825
827, 415, 104, 104, 825
828, 416, 104, 104, 825
829, 413, 551, 551, 825
830, 414, 551, 551, 825
831, 415, 551, 551, 825
832, 416, 551, 551, 825
833, 417, 105, 105, 833
834, 418, 105, 105, 833
835, 419, 105, 105, 833
836, 420, 105, 105, 833
837, 417, 552, 552, 833
838, 418, 552, 552, 833
839, 419, 552, 552, 833
840, 420, 552, 552, 833
841, 421, 106, 106, 841
842, 422, 106, 106, 841
843, 423, 106, 106, 841
844, 424, 106, 106, 841
845, 421, 553, 553, 841
846, 422, 553, 553, 841
847, 423, 553, 553, 841
848, 424, 553, 553, 841
849, 425, 107, 107, 849
850, 426, 107, 107, 849
851, 427, 107, 107, 849
852, 428, 107, 107, 849
853, 425, 554, 554, 849
854, 426, 554, 554, 849
855, 427, 554, 554, 849
856, 428, 554, 554, 849
857, 429, 108, 108, 857
858, 430, 108, 108, 857
859, 431, 108, 108, 857
860, 432, 108, 108, 857
861, 429, 555, 555, 857
862, 430, 555, 555, 857
863, 431, 555, 555, 857
864, 432, 555, 555, 857
865, 433, 109, 109, 865
866, 434, 109, 109, 865
867, 435, 109, 109, 865
868, 436, 109, 109, 865
869, 433, 556, 556, 865
870, 434, 556, 556, 865
871, 435, 556, 556, 865
872, 436, 556, 556, 865
873, 437, 110, 110, 873
874, 438, 110, 110, 873
875, 439, 110, 110, 873
876, 440, 110, 110, 873
877, 437, 557, 557, 873
878, 438, 557, 557, 873
879, 439, 557, 557, 873
880, 440, 557, 557, 873
881, 441, 111, 111, 881
882, 442, 111, 111, 881
883, 443, 111, 111, 881
884, 444, 111, 111, 881
885, 441, 558, 558, 881
886, 442, 558, 558, 881
887, 443, 558, 558, 881
888, 444, 558, 558, 881
889, 445, 112, 112, 889
890, 446, 112, 112, 889
891, 447, 112, 112, 889
892, 448, 112, 112, 889
893, 445, 559, 559, 889
894, 446, 559, 559, 889
895, 447, 559, 559, 889
896, 448, 559, 559, 889
897, 449, 113, 113, 897
898, 450, 113, 113, 897
899, 451, 113, 113, 897
900, 452, 113, 113, 897
901, 449, 560, 560, 897
902, 450, 560, 560, 897
903, 451, 560, 560, 897
904, 452, 560, 560, 897
905, 453, 114, 114, 905
906, 454, 114, 114, 905
907, 455, 114, 114, 905
908, 456, 114, 114, 905
909, 453, 561, 561, 905
910, 454, 561, 561, 905
911, 455, 561, 561, 905
912, 456, 561, 561, 905
913, 457, 115, 115, 913
914, 458, 115, 115, 913
915, 459, 115, 115, 913
916, 460, 115, 115, 913
917, 457, 562, 562, 913
918, 458, 562, 562, 913
919, 459, 562, 562, 913
920, 460, 562, 562, 913
921, 461, 116, 116, 921
922, 462, 116, 116, 921
923, 463, 116, 116, 921
924, 464, 116, 116, 921
925, 461, 563, 563, 921
926, 462, 563, 563, 921
927, 463, 563, 563, 921
928, 464, 563, 563, 921
929, 465, 117, 117, 929
930, 466, 117, 117, 929
931, 467, 117, 117, 929
932, 468, 117, 117, 929
933, 465, 564, 564, 929
934, 466, 564, 564, 929
935, 467, 564, 564, 929
936, 468, 564, 564, 929
937, 469, 118, 118, 937
938, 470, 118, 118, 937
939, 471, 118, 118, 937
940, 472, 118, 118, 937
941, 469, 565, 565, 937
942, 470, 565, 565, 937
943, 471, 565, 565, 937
944, 472, 565, 565, 937
945, 473, 119, 119, 945
946, 474, 119, 119, 945
947, 475, 119, 119, 945
948, 476, 119, 119, 945
949, 473, 566, 566, 945
950, 474, 566, 566, 945
951, 475, 566, 566, 945
952, 476, 566, 566, 945
953, 477, 120, 120, 953
954, 478, 120, 120, 953
955, 479, 120, 120, 953
956, 480, 120, 120, 953
957, 477, 567, 567, 953
958, 478, 567, 567, 953
959, 479, 567, 567, 953
960, 480, 567, 567, 953
961, 481, 121, 121, 961
962, 482, 121, 121, 961
963, 483, 121, 121, 961
964, 484, 121, 121, 961
965, 481, 568, 568, 961
966, 482, 568, 568, 961
967, 483, 568, 568, 961
968, 484, 568, 568, 961
969, 485, 122, 122, 969
970, 486, 122, 122, 969
971, 487, 122, 122, 969
972, 488, 122, 122, 969
973, 485, 569, 569, 969
974, 486, 569, 569, 969
975, 487, 569, 569, 969
976, 488, 569, 569, 969
977, 489, 123, 123, 977
978, 490, 123, 123, 977
979, 491, 123, 123, 977
980, 492, 123, 123, 977
981, 489, 570, 570, 977
982, 490, 570, 570, 977
983, 491, 570, 570, 977
984, 492, 570, 570, 977
985, 493, 124, 124, 985
986, 494, 124, 124, 985
987, 495, 124, 124, 985
988, 496, 124, 124, 985
989, 493, 571, 571, 985
990, 494, 571, 571, 985
991, 495, 571, 571, 985
992, 496, 571, 571, 985
993, 497, 125, 125, 993
994, 498, 125, 125, 993
995, 499, 125, 125, 993
996, 500, 125, 125, 993
997, 497, 572, 572, 993
998, 498, 572, 572, 993
999, 499, 572, 572, 993
1000, 500, 572, 572, 993
1001, 501, 126, 126, 1001
1002, 502, 126, 126, 1001
1003, 503, 126, 126, 1001
1004, 504, 126, 126, 1001
1005, 501, 573, 573, 1001
1006, 502, 573, 573, 1001
1007, 503, 573, 573, 1001
1008, 504, 573, 573, 1001
1009, 505, 127, 127, 1009
1010, 506, 127, 127, 1009
1011, 507, 127, 127, 1009
1012, 508, 127, 127, 1009
1013, 505, 574, 574, 1009
1014, 506, 574, 574, 1009
1015, 507, 574, 574, 1009
1016, 508, 574, 574, 1009
1017, 509, 128, 128, 1017
1018, 510, 128, 128, 1017
1019, 511, 128, 128, 1017
1020, 512, 128, 128, 1017
1021, 509, 575, 575, 1017
1022, 510, 575, 575, 1017
1023, 511, 575, 575, 1017
1024, 512, 575, 575, 1017
1025, 513, 129, 129, 1025
1026, 514, 129, 129, 1025
1027, 515, 129, 129, 1025
1028, 516, 129, 129, 1025
1029, 513, 576, 576, 1025
1030, 514, 576, 576, 1025
1031, 515, 576, 576, 1025
1032, 516, 576, 576, 1025
1033, 517, 130, 130, 1033
1034, 518, 130, 130, 1033
1035, 519, 130, 130, 1033
1036, 520, 130, 130, 1033
1037, 517, 577, 577, 1033
1038, 518, 577, 577, 1033
1039, 519, 577, 577, 1033
1040, 520, 577, 577, 1033
1041, 521, 131, 131, 1041
1042, 522, 131, 131, 1041
1043, 523, 131, 131, 1041
1044, 524, 131, 131, 1041
1045, 521, 578, 578, 1041
1046, 522, 578, 578, 1041
1047, 523, 578, 578, 1041
1048, 524, 578, 578, 1041
1049, 525, 132, 132, 1049
1050, 526, 132, 132, 1049
1051, 527, 132, 132, 1049
1052, 528, 132, 132, 1049
1053, 525, 579, 579, 1049
1054, 526, 579, 579, 1049
1055, 527, 579, 579, 1049
1056, 528, 579, 579, 1049
1057, 529, 133, 133, 1057
1058, 530, 133, 133, 1057
1059, 531, 133, 133, 1057
1060, 532, 133, 133, 1057
1061, 529, 580, 580, 1057
1062, 530, 580, 580, 1057
1063, 531, 580, 580, 1057
1064, 532, 580, 580, 1057
1065, 533, 134, 134, 1065
1066, 534, 134, 134, 1065
1067, 535, 134, 134, 1065
1068, 536, 134, 134, 1065
1069, 533, 581, 581, 1065
1070, 534, 581, 581, 1065
1071, 535, 581, 581, 1065
1072, 536, 581, 581, 1065
1073, 537, 135, 135, 1073
1074, 538, 135, 135, 1073
1075, 539, 135, 135, 1073
1076, 540, 135, 135, 1073
1077, 537, 582, 582, 1073
1078, 538, 582, 582, 1073
1079, 539, 582, 582, 1073
1080, 540, 582, 582, 1073
1081, 541, 136, 136, 1081
1082, 542, 136, 136, 1081
1083, 543, 136, 136, 1081
1084, 544, 136, 136, 1081
1085, 541, 583, 583, 1081
1086, 542, 583, 583, 1081
1087, 543, 583, 583, 1081
1088, 544, 583, 583, 1081
1089, 545, 137, 137, 1089
1090, 546, 137, 137, 1089
1091, 547, 137, 137, 1089
1092, 548, 137, 137, 1089
1093, 545, 584, 584, 1089
1094, 546, 584, 584, 1089
1095, 547, 584, 584, 1089
1096, 548, 584, 584, 1089
1097, 549, 138, 138, 1097
1098, 550, 138, 138, 1097
1099, 551, 138, 138, 1097
1100, 552, 138, 138, 1097
1101, 549, 585, 585, 1097
1102, 550, 585, 585, 1097
1103, 551, 585, 585, 1097
1104, 552, 585, 585, 1097
1105, 553, 139, 139, 1105
1106, 554, 139, 139, 1105
1107, 555, 139, 139, 1105
1108, 556, 139, 139, 1105
1109, 553, 586, 586, 1105
1110, 554, 586, 586, 1105
1111, 555, 586, 586, 1105
1112, 556, 586, 586, 1105
1113, 557, 140, 140, 1113
1114, 558, 140, 140, 1113
1115, 559, 140, 140, 1113
1116, 560, 140, 140, 1113
1117, 557, 587, 587, 1113
1118, 558, 587, 587, 1113
1119, 559, 587, 587, 1113
1120, 560, 587, 587, 1113
1121, 561, 141, 141, 1121
1122, 562, 141, 141, 1121
1123, 563, 141, 141, 1121
1124, 564, 141, 141, 1121
1125, 561, 588, 588, 1121
1126, 562, 588, 588, 1121
1127, 563, 588, 588, 1121
1128, 564, 588, 588, 1121
1129, 565, 142, 142, 1129
1130, 566, 142, 142, 1129
1131, 567, 142, 142, 1129
1132, 568, 142, 142, 1129
1133, 565, 589, 589, 1129
1134, 566, 589, 589, 1129
1135, 567, 589, 589, 1129
1136, 568, 589, 589, 1129
1137, 569, 143, 143, 1137
1138, 570, 143, 143, 1137
1139, 571, 143, 143, 1137
1140, 572, 143, 143, 1137
1141, 569, 590, 590, 1137
1142, 570, 590, 590, 1137
1143, 571, 590, 590, 1137
1144, 572, 590, 590, 1137
1145, 573, 144, 144, 1145
1146, 574, 144, 144, 1145
1147, 575, 144, 144, 1145
1148, 576, 144, 144, 1145
1149, 573, 591, 591, 1145
1150, 574, 591, 591, 1145
1151, 575, 591, 591, 1145
1152, 576, 591, 591, 1145
1153, 577, 145, 145, 1153
1154, 578, 145, 145, 1153
1155, 579, 145, 145, 1153
1156, 580, 145, 145, 1153
1157, 577, 592, 592, 1153
1158, 578, 592, 592, 1153
1159, 579, 592, 592, 1153
1160, 580, 592, 592, 1153
1161, 581, 146, 146, 1161
1162, 582, 146, 146, 1161
1163, 583, 146, 146, 1161
1164, 584, 146, 146, 1161
1165, 581, 593, 593, 1161
1166, 582, 593, 593, 1161
1167, 583, 593, 593, 1161
1168, 584, 593, 593, 1161
1169, 585, 147, 147, 1169
1170, 586, 147, 147, 1169
1171, 587, 147, 147, 1169
1172, 588, 147, 147, 1169
1173, 585, 594, 594, 1169
1174, 586, 594, 594, 1169
1175, 587, 594, 594, 1169
1176, 588, 594, 594, 1169
1177, 589, 148, 148, 1177
1178, 590, 148, 148, 1177
1179, 591, 148, 148, 1177
1180, 592, 148, 148, 1177
1181, 589, 595, 595, 1177
1182, 590, 595, 595, 1177
1183, 591, 595, 595, 1177
1184, 592, 595, 595, 1177
1185, 593, 149, 149, 1185
1186, 594, 149, 149, 1185
1187, 595, 149, 149, 1185
1188, 596, 149, 149, 1185
1189, 593, 596, 596, 1185
1190, 594, 596, 596, 1185
1191, 595, 596, 596, 1185
1192, 596, 596, 596, 1185
1193, 597, 150, 150, 1193
1194, 598, 150, 150, 1193
1195, 599, 150, 150, 1193
1196, 600, 150, 150, 1193
1197, 597, 597, 597, 1193
1198, 598, 597, 597, 1193
1199, 599, 597, 597, 1193
1200, 600, 597, 597, 1193
1201, 601, 151, 151, 1201
1202, 602, 151, 151, 1201
1203, 603, 151, 151, 1201
1204, 604, 151, 151, 1201
1205, 601, 598, 598, 1201
1206, 602, 598, 598, 1201
1207, 603, 598, 598, 1201
1208, 604, 598, 598, 1201
1209, 605, 152, 152, 1209
1210, 606, 152, 152, 1209
1211, 607, 152, 152, 1209
1212, 608, 152, 152, 1209
1213, 605, 599, 599, 1209
1214, 606, 599, 599, 1209
1215, 607, 599, 599, 1209
1216, 608, 599, 599, 1209
1217, 609, 153, 153, 1217
1218, 610, 153, 153, 1217
1219, 611, 153, 153, 1217
1220, 612, 153, 153, 1217
1221, 609, 600, 600, 1217
1222, 610, 600, 600, 1217
1223, 611, 600, 600, 1217
1224, 612, 600, 600, 1217
1225, 613, 154, 154, 1225
1226, 614, 154, 154, 1225
1227, 615, 154, 154, 1225
1228, 616, 154, 154, 1225
1229, 613, 601, 601, 1225
1230, 614, 601, 601, 1225
1231, 615, 601, 601, 1225
1232, 616, 601, 601, 1225
1233, 617, 155, 155, 1233
1234, 618, 155, 155, 1233
1235, 619, 155, 155, 1233
1236, 620, 155, 155, 1233
1237, 617, 602, 602, 1233
1238, 618, 602, 602, 1233
1239, 619, 602, 602, 1233
1240, 620, 602, 602, 1233
1241, 621, 156, 156, 1241
1242, 622, 156, 156, 1241
1243, 623, 156, 156, 1241
1244, 624, 156, 156, 1241
1245, 621, 603, 603, 1241
1246, 622, 603, 603, 1241
1247, 623, 603, 603, 1241
1248, 624, 603, 603, 1241
1249, 625, 157, 157, 1249
1250, 626, 157, 157, 1249
1251, 627, 157, 157, 1249
1252, 628, 157, 157, 1249
1253, 625, 604, 604, 1249
1254, 626, 604, 604, 1249
1255, 627, 604, 604, 1249
1256, 628, 604, 604, 1249
1257, 629, 158, 158, 1257
1258, 630, 158, 158, 1257
1259, 631, 158, 158, 1257
1260, 632, 158, 158, 1257
1261, 629, 605, 605, 1257
1262, 630, 605, 605, 1257
1263, 631, 605, 605, 1257
1264, 632, 605, 605, 1257
1265, 633, 159, 159, 1265
1266, 634, 159, 159, 1265
1267, 635, 159, 159, 1265
1268, 636, 159, 159, 1265
1269, 633, 606, 606, 1265
1270, 634, 606, 606, 1265
1271, 635, 606, 606, 1265
1272, 636, 606, 606, 1265
1273, 637, 160, 160, 1273
1274, 638, 160, 160, 1273
1275, 639, 160, 160, 1273
1276, 640, 160, 160, 1273
1277, 637, 607, 607, 1273
1278, 638, 607, 607, 1273
1279, 639, 607, 607, 1273
1280, 640, 607, 607, 1273
1281, 641, 161, 161, 1281
1282, 642, 161, 161, 1281
1283, 643, 161, 161, 1281
1284, 644, 161, 161, 1281
1285, 641, 608, 608, 1281
1286, 642, 608, 608, 1281
1287, 643, 608, 608, 1281
1288, 644, 608, 608, 1281
1289, 645, 162, 162, 1289
1290, 646, 162, 162, 1289
1291, 647, 162, 162, 1289
1292, 648, 162, 162, 1289
1293, 645, 609, 609, 1289
1294, 646, 609, 609, 1289
1295, 647, 609, 609, 1289
1296, 648, 609, 609, 1289
1297, 649, 163, 163, 1297
1298, 650, 163, 163, 1297
1299, 651, 163, 163, 1297
1300, 652, 163, 163, 1297
1301, 649, 610, 610, 1297
1302, 650, 610, 610, 1297
1303, 651, 610, 610, 1297
1304, 652, 610, 610, 1297
1305, 653, 164, 164, 1305
1306, 654, 164, 164, 1305
1307, 655, 164, 164, 1305
1308, 656, 164, 164, 1305
1309, 653, 611, 611, 1305
1310, 654, 611, 611, 1305
1311, 655, 611, 611, 1305
1312, 656, 611, 611, 1305
1313, 657, 165, 165, 1313
1314, 658, 165, 165, 1313
1315, 659, 165, 165, 1313
1316, 660, 165, 165, 1313
1317, 657, 612, 612, 1313
1318, 658, 612, 612, 1313
1319, 659, 612, 612, 1313
1320, 660, 612, 612, 1313
1321, 661, 166, 166, 1321
1322, 662, 166, 166, 1321
1323, 663, 166, 166, 1321
1324, 664, 166, 166, 1321
1325, 661, 613, 613, 1321
1326, 662, 613, 613, 1321
1327, 663, 613, 613, 1321
1328, 664, 613, 613, 1321
1329, 665, 167, 167, 1329
1330, 666, 167, 167, 1329
1331, 667, 167, 167, 1329
1332, 668, 167, 167, 1329
1333, 665, 614, 614, 1329
1334, 666, 614, 614, 1329
1335, 667, 614, 614, 1329
1336, 668, 614, 614, 1329
1337, 669, 168, 168, 1337
1338, 670, 168, 168, 1337
1339, 671, 168, 168, 1337
1340, 672, 168, 168, 1337
1341, 669, 615, 615, 1337
1342, 670, 615, 615, 1337
1343, 671, 615, 615, 1337
1344, 672, 615, 615, 1337
1345, 673, 169, 169, 1345
1346, 674, 169, 169, 1345
1347, 675, 169, 169, 1345
1348, 676, 169, 169, 1345
1349, 673, 616, 616, 1345
1350, 674, 616, 616, 1345
1351, 675, 616, 616, 1345
1352, 676, 616, 616, 1345
1353, 677, 170, 170, 1353
1354, 678, 170, 170, 1353
1355, 679, 170, 170, 1353
1356, 680, 170, 170, 1353
1357, 677, 617, 617, 1353
1358, 678, 617, 617, 1353
1359, 679, 617, 617, 1353
1360, 680, 617, 617, 1353
1361, 681, 171, 171, 1361
1362, 682, 171, 171, 1361
1363, 683, 171, 171, 1361
1364, 684, 171, 171, 1361
1365, 681, 618, 618, 1361
1366, 682, 618, 618, 1361
1367, 683, 618, 618, 1361
1368, 684, 618, 618, 1361
1369, 685, 172, 172, 1369
1370, 686, 172, 172, 1369
1371, 687, 172, 172, 1369
1372, 688, 172, 172, 1369
1373, 685, 619, 619, 1369
1374, 686, 619, 619, 1369
1375, 687, 619, 619, 1369
1376, 688, 619, 619, 1369
1377, 689, 173, 173, 1377
1378, 690, 173, 173, 1377
1379, 691, 173, 173, 1377
1380, 692, 173, 173, 1377
1381, 689, 620, 620, 1377
1382, 690, 620, 620, 1377
1383, 691, 620, 620, 1377
1384, 692, 620, 620, 1377
1385, 693, 174, 174, 1385
1386, 694, 174, 174, 1385
1387, 695, 174, 174, 1385
1388, 696, 174, 174, 1385
1389, 693, 621, 621, 1385
1390, 694, 621, 621, 1385
1391, 695, 621, 621, 1385
1392, 696, 621, 621, 1385
1393, 697, 175, 175, 1393
1394, 698, 175, 175, 1393
1395, 699, 175, 175, 1393
1396, 700, 175, 175, 1393
1397, 697, 622, 622, 1393
1398, 698, 622, 622, 1393
1399, 699, 622, 622, 1393
1400, 700, 622, 622, 1393
1401, 701, 176, 176, 1401
1402, 702, 176, 176, 1401
1403, 703, 176, 176, 1401
1404, 704, 176, 176, 1401
1405, 701, 623, 623, 1401
1406, 702, 623, 623, 1401
1407, 703, 623, 623, 1401
1408, 704, 623, 623, 1401
1409, 705, 177, 177, 1409
1410, 706, 177, 177, 1409
1411, 707, 177, 177, 1409
1412, 708, 177, 177, 1409
1413, 705, 624, 624, 1409
1414, 706, 624, 624, 1409
1415, 707, 624, 624, 1409
1416, 708, 624, 624, 1409
1417, 709, 178, 178, 1417
1418, 710, 178, 178, 1417
1419, 711, 178, 178, 1417
1420, 712, 178, 178, 1417
1421, 709, 625, 625, 1417
1422, 710, 625, 625, 1417
1423, 711, 625, 625, 1417
1424, 712, 625, 625, 1417
1425, 713, 179, 179, 1425
1426, 714, 179, 179, 1425
1427, 715, 179, 179, 1425
1428, 716, 179, 179, 1425
1429, 713, 626, 626, 1425
1430, 714, 626, 626, 1425
1431, 715, 626, 626, 1425
1432, 716, 626, 626, 1425
1433, 717, 180, 180, 1433
1434, 718, 180, 180, 1433
1435, 719, 180, 180, 1433
1436, 720, 180, 180, 1433
1437, 717, 627, 627, 1433
1438, 718, 627, 627, 1433
1439, 719, 627, 627, 1433
1440, 720, 627, 627, 1433
1441, 721, 181, 181, 1441
1442, 722, 181, 181, 1441
1443, 723, 181, 181, 1441
1444, 724, 181, 181, 1441
1445, 721, 628, 628, 1441
1446, 722, 628, 628, 1441
1447, 723, 628, 628, 1441
1448, 724, 628, 628, 1441
1449, 725, 182, 182, 1449
1450, 726, 182, 182, 1449
1451, 727, 182, 182, 1449
1452, 728, 182, 182, 1449
1453, 725, 629, 629, 1449
1454, 726, 629, 629, 1449
1455, 727, 629, 629, 1449
1456, 728, 629, 629, 1449
1457, 729, 183, 183, 1457
1458, 730, 183, 183, 1457
1459, 731, 183, 183, 1457
1460, 732, 183, 183, 1457
1461, 729, 630, 630, 1457
1462, 730, 630, 630, 1457
1463, 731, 630, 630, 1457
1464, 732, 630, 630, 1457
1465, 733, 184, 184, 1465
1466, 734, 184, 184, 1465
1467, 735, 184, 184, 1465
1468, 736, 184, 184, 1465
1469, 733, 631, 631, 1465
1470, 734, 631, 631, 1465
1471, 735, 631, 631, 1465
1472, 736, 631, 631, 1465
1473, 737, 185, 185, 1473
1474, 738, 185, 185, 1473
1475, 739, 185, 185, 1473
1476, 740, 185, 185, 1473
1477, 737, 632, 632, 1473
1478, 738, 632, 632, 1473
1479, 739, 632, 632, 1473
1480, 740, 632, 632, 1473
1481, 741, 186, 186, 1481
1482, 742, 186, 186, 1481
1483, 743, 186, 186, 1481
1484, 744, 186, 186, 1481
1485, 741, 633, 633, 1481
1486, 742, 633, 633, 1481
1487, 743, 633, 633, 1481
1488, 744, 633, 633, 1481
1489, 745, 187, 187, 1489
1490, 746, 187, 187, 1489
1491, 747, 187, 187, 1489
1492, 748, 187, 187, 1489
1493, 745, 634, 634, 1489
1494, 746, 634, 634, 1489
1495, 747, 634, 634, 1489
1496, 748, 634, 634, 1489
1497, 749, 188, 188, 1497
1498, 750, 188, 188, 1497
1499, 751, 188, 188, 1497
1500, 752, 188, 188, 1497
1501, 749, 635, 635, 1497
1502, 750, 635, 635, 1497
1503, 751, 635, 635, 1497
1504, 752, 635, 635, 1497
1505, 753, 189, 189, 1505
1506, 754, 189, 189, 1505
1507, 755, 189, 189, 1505
1508, 756, 189, 189, 1505
1509, 753, 636, 636, 1505
1510, 754, 636, 636, 1505
1511, 755, 636, 636, 1505
1512, 756, 636, 636, 1505
1513, 757, 190, 190, 1513
1514, 758, 190, 190, 1513
1515, 759, 190, 190, 1513
1516, 760, 190, 190, 1513
1517, 757, 637, 637, 1513
1518, 758, 637, 637, 1513
1519, 759, 637, 637, 1513
1520, 760, 637, 637, 1513
1521, 761, 191, 191, 1521
1522, 762, 191, 191, 1521
1523, 763, 191, 191, 1521
1524, 764, 191, 191, 1521
1525, 761, 638, 638, 1521
1526, 762, 638, 638, 1521
1527, 763, 638, 638, 1521
1528, 764, 638, 638, 1521
1529, 765, 192, 192, 1529
1530, 766, 192, 192, 1529
1531, 767, 192, 192, 1529
1532, 768, 192, 192, 1529
1533, 765, 639, 639, 1529
1534, 766, 639, 639, 1529
1535, 767, 639, 639, 1529
1536, 768, 639, 639, 1529
1537, 769, 193, 193, 1537
1538, 770, 193, 193, 1537
1539, 771, 193, 193, 1537
1540, 772, 193, 193, 1537
1541, 769, 640, 640, 1537
1542, 770, 640, 640, 1537
1543, 771, 640, 640, 1537
1544, 772, 640, 640, 1537
1545, 773, 194, 194, 1545
1546, 774, 194, 194, 1545
1547, 775, 194, 194, 1545
1548, 776, 194, 194, 1545
1549, 773, 641, 641, 1545
1550, 774, 641, 641, 1545
1551, 775, 641, 641, 1545
1552, 776, 641, 641, 1545
1553, 777, 195, 195, 1553
1554, 778, 195, 195, 1553
1555, 779, 195, 195, 1553
1556, 780, 195, 195, 1553
1557, 777, 642, 642, 1553
1558, 778, 642, 642, 1553
1559, 779, 642, 642, 1553
1560, 780, 642, 642, 1553
1561, 781, 196, 196, 1561
1562, 782, 196, 196, 1561
1563, 783, 196, 196, 1561
1564, 784, 196, 196, 1561
1565, 781, 643, 643, 1561
1566, 782, 643, 643, 1561
1567, 783, 643, 643, 1561
1568, 784, 643, 643, 1561
1569, 785, 197, 197, 1569
1570, 786, 197, 197, 1569
1571, 787, 197, 197, 1569
1572, 788, 197, 197, 1569
1573, 785, 644, 644, 1569
1574, 786, 644, 644, 1569
1575, 787, 644, 644, 1569
1576, 788, 644, 644, 1569
1577, 789, 198, 198, 1577
1578, 790, 198, 198, 1577
1579, 791, 198, 198, 1577
1580, 792, 198, 198, 1577
1581, 789, 645, 645, 1577
1582, 790, 645, 645, 1577
1583, 791, 645, 645, 1577
1584, 792, 645, 645, 1577
1585, 793, 199, 199, 1585
1586, 794, 199, 199, 1585
1587, 795, 199, 199, 1585
1588, 796, 199, 199, 1585
1589, 793, 646, 646, 1585
1590, 794, 646, 646, 1585
1591, 795, 646, 646, 1585
1592, 796, 646, 646, 1585
1593, 797, 200, 200, 1593
1594, 798, 200, 200, 1593
1595, 799, 200, 200, 1593
1596, 800, 200, 200, 1593
1597, 797, 647, 647, 1593
1598, 798, 647, 647, 1593
1599, 799, 647, 647, 1593
1600, 800, 647, 647, 1593
1601, 801, 201, 201, 1601
1602, 802, 201, 201, 1601
1603, 803, 201, 201, 1601
1604, 804, 201, 201, 1601
1605, 801, 648, 648, 1601
1606, 802, 648, 648, 1601
1607, 803, 648, 648, 1601
1608, 804, 648, 648, 1601
1609, 805, 202, 202, 1609
1610, 806, 202, 202, 1609
1611, 807, 202, 202, 1609
1612, 808, 202, 202, 1609
1613, 805, 649, 649, 1609
1614, 806, 649, 649, 1609
1615, 807, 649, 649, 1609
1616, 808, 649, 649, 1609
1617, 809, 203, 203, 1617
1618, 810, 203, 203, 1617
1619, 811, 203, 203, 1617
1620, 812, 203, 203, 1617
1621, 809, 650, 650, 1617
1622, 810, 650, 650, 1617
1623, 811, 650, 650, 1617
1624, 812, 650, 650, 1617
1625, 813, 204, 204, 1625
1626, 814, 204, 204, 1625
1627, 815, 204, 204, 1625
1628, 816, 204, 204, 1625
1629, 813, 651, 651, 1625
1630, 814, 651, 651, 1625
1631, 815, 651, 651, 1625
1632, 816, 651, 651, 1625
1633, 817, 205, 205, 1633
1634, 818, 205, 205, 1633
1635, 819, 205, 205, 1633
1636, 820, 205, 205, 1633
1637, 817, 652, 652, 1633
1638, 818, 652, 652, 1633
1639, 819, 652, 652, 1633
1640, 820, 652, 652, 1633
1641, 821, 206, 206, 1641
1642, 822, 206, 206, 1641
1643, 823, 206, 206, 1641
1644, 824, 206, 206, 1641
1645, 821, 653, 653, 1641
1646, 822, 653, 653, 1641
1647, 823, 653, 653, 1641
1648, 824, 653, 653, 1641
1649, 825, 207, 207, 1649
1650, 826, 207, 207, 1649
1651, 827, 207, 207, 1649
1652, 828, 207, 207, 1649
1653, 825, 654, 654, 1649
1654, 826, 654, 654, 1649
1655, 827, 654, 654, 1649
1656, 828, 654, 654, 1649
1657, 829, 208, 208, 1657
1658, 830, 208, 208, 1657
1659, 831, 208, 208, 1657
1660, 832, 208, 208, 1657
1661, 829, 655, 655, 1657
1662, 830, 655, 655, 1657
1663, 831, 655, 655, 1657
1664, 832, 655, 655, 1657
1665, 833, 209, 209, 1665
1666, 834, 209, 209, 1665
1667, 835, 209, 209, 1665
1668, 836, 209, 209, 1665
1669, 833, 656, 656, 1665
1670, 834, 656, 656, 1665
1671, 835, 656, 656, 1665
1672, 836, 656, 656, 1665
1673, 837, 210, 210, 1673
1674, 838, 210, 210, 1673
1675, 839, 210, 210, 1673
1676, 840, 210, 210, 1673
1677, 837, 657, 657, 1673
1678, 838, 657, 657, 1673
1679, 839, 657, 657, 1673
1680, 840, 657, 657, 1673
1681, 841, 211, 211, 1681
1682, 842, 211, 211, 1681
1683, 843, 211, 211, 1681
1684, 844, 211, 211, 1681
1685, 841, 658, 658, 1681
1686, 842, 658, 658, 1681
1687, 843, 658, 658, 1681
1688, 844, 658, 658, 1681
1689, 845, 212, 212, 1689
1690, 846, 212, 212, 1689
1691, 847, 212, 212, 1689
1692, 848, 212, 212, 1689
1693, 845, 659, 659, 1689
1694, 846, 659, 659, 1689
1695, 847, 659, 659, 1689
1696, 848, 659, 659, 1689
1697, 849, 213, 213, 1697
1698, 850, 213, 213, 1697
1699, 851, 213, 213, 1697
1700, 852, 213, 213, 1697
1701, 849, 660, 660, 1697
1702, 850, 660, 660, 1697
1703, 851, 660, 660, 1697
1704, 852, 660, 660, 1697
1705, 853, 214, 214, 1705
1706, 854, 214, 214, 1705
1707, 855, 214, 214, 1705
1708, 856, 214, 214, 1705
1709, 853, 661, 661, 1705
1710, 854, 661, 661, 1705
1711, 855, 661, 661, 1705
1712, 856, 661, 661, 1705
1713, 857, 215, 215, 1713
1714, 858, 215, 215, 1713
1715, 859, 215, 215, 1713
1716, 860, 215, 215, 1713
1717, 857, 662, 662, 1713
1718, 858, 662, 662, 1713
1719, 859, 662, 662, 1713
1720, 860, 662, 662, 1713
1721, 861, 216, 216, 1721
1722, 862, 216, 216, 1721
1723, 863, 216, 216, 1721
1724, 864, 216, 216, 1721
1725, 861, 663, 663, 1721
1726, 862, 663, 663, 1721
1727, 863, 663, 663, 1721
1728, 864, 663, 663, 1721
1729, 865, 217, 217, 1729
1730, 866, 217, 217, 1729
1731, 867, 217, 217, 1729
1732, 868, 217, 217, 1729
1733, 865, 664, 664, 1729
1734, 866, 664, 664, 1729
1735, 867, 664, 664, 1729
1736, 868, 664, 664, 1729
1737, 869, 218, 218, 1737
1738, 870, 218, 218, 1737
1739, 871, 218, 218, 1737
1740, 872, 218, 218, 1737
1741, 869, 665, 665, 1737
1742, 870, 665, 665, 1737
1743, 871, 665, 665, 1737
1744, 872, 665, 665, 1737
1745, 873, 219, 219, 1745
1746, 874, 219, 219, 1745
1747, 875, 219, 219, 1745
1748, 876, 219, 219, 1745
1749, 873, 666, 666, 1745
1750, 874, 666, 666, 1745
1751, 875, 666, 666, 1745
1752, 876, 666, 666, 1745
1753, 877, 220, 220, 1753
1754, 878, 220, 220, 1753
1755, 879, 220, 220, 1753
1756, 880, 220, 220, 1753
1757, 877, 667, 667, 1753
1758, 878, 667, 667, 1753
1759, 879, 667, 667, 1753
1760, 880, 667, 667, 1753
1761, 881, 221, 221, 1761
1762, 882, 221, 221, 1761
1763, 883, 221, 221, 1761
1764, 884, 221, 221, 1761
1765, 881, 668, 668, 1761
1766, 882, 668, 668, 1761
1767, 883, 668, 668, 1761
1768, 884, 668, 668, 1761
1769, 885, 222, 222, 1769
1770, 886, 222, 222, 1769
1771, 887, 222, 222, 1769
1772, 888, 222, 222, 1769
1773, 885, 669, 669, 1769
1774, 886, 669, 669, 1769
1775, 887, 669, 669, 1769
1776, 888, 669, 669, 1769
1777, 889, 223, 223, 1777
1778, 890, 223, 223, 1777
1779, 891, 223, 223, 1777
1780, 892, 223, 223, 1777
1781, 889, 670, 670, 1777
1782, 890, 670, 670, 1777
1783, 891, 670, 670, 1777
1784, 892, 670, 670, 1777
1785, 893, 224, 224, 1785
1786, 894, 224, 224, 1785
1787, 895, 224, 224, 1785
1788, 896, 224, 224, 1785
1789, 893, 671, 671, 1785
1790, 894, 671, 671, 1785
1791, 895, 671, 671, 1785
1792, 896, 671, 671, 1785
1793, 897, 225, 225, 1793
1794, 898, 225, 225, 1793
1795, 899, 225, 225, 1793
1796, 900, 225, 225, 1793
1797, 897, 672, 672, 1793
1798, 898, 672, 672, 1793
1799, 899, 672, 672, 1793
1800, 900, 672, 672, 1793
1801, 901, 226, 226, 1801
1802, 902, 226, 226, 1801
1803, 903, 226, 226, 1801
1804, 904, 226, 226, 1801
1805, 901, 673, 673, 1801
1806, 902, 673, 673, 1801
1807, 903, 673, 673, 1801
1808, 904, 673, 673, 1801
1809, 905, 227, 227, 1809
1810, 906, 227, 227, 1809
1811, 907, 227, 227, 1809
1812, 908, 227, 227, 1809
1813, 905, 674, 674, 1809
1814, 906, 674, 674, 1809
1815, 907, 674, 674, 1809
1816, 908, 674, 674, 1809
1817, 909, 228, 228, 1817
1818, 910, 228, 228, 1817
1819, 911, 228, 228, 1817
1820, 912, 228, 228, 1817
1821, 909, 675, 675, 1817
1822, 910, 675, 675, 1817
1823, 911, 675, 675, 1817
1824, 912, 675, 675, 1817
1825, 913, 229, 229, 1825
1826, 914, 229, 229, 1825
1827, 915, 229, 229, 1825
1828, 916, 229, 229, 1825
1829, 913, 676, 676, 1825
1830, 914, 676, 676, 1825
1831, 915, 676, 676, 1825
1832, 916, 676, 676, 1825
1833, 917, 230, 230, 1833
1834, 918, 230, 230, 1833
1835, 919, 230, 230, 1833
1836, 920, 230, 230, 1833
1837, 917, 677, 677, 1833
1838, 918, 677, 677, 1833
1839, 919, 677, 677, 1833
1840, 920, 677, 677, 1833
1841, 921, 231, 231, 1841
1842, 922, 231, 231, 1841
1843, 923, 231, 231, 1841
1844, 924, 231, 231, 1841
1845, 921, 678, 678, 1841
1846, 922, 678, 678, 1841
1847, 923, 678, 678, 1841
1848, 924, 678, 678, 1841
1849, 925, 232, 232, 1849
1850, 926, 232, 232, 1849
1851, 927, 232, 232, 1849
1852, 928, 232, 232, 1849
1853, 925, 679, 679, 1849
1854, 926, 679, 679, 1849
1855, 927, 679, 679, 1849
1856, 928, 679, 679, 1849
1857, 929, 233, 233, 1857
1858, 930, 233, 233, 1857
1859, 931, 233, 233, 1857
1860, 932, 233, 233, 1857
1861, 929, 680, 680, 1857
1862, 930, 680, 680, 1857
1863, 931, 680, 680, 1857
1864, 932, 680, 680, 1857
1865, 933, 234, 234, 1865
1866, 934, 234, 234, 1865
1867, 935, 234, 234, 1865
1868, 936, 234, 234, 1865
1869, 933, 681, 681, 1865
1870, 934, 681, 681, 1865
1871, 935, 681, 681, 1865
1872, 936, 681, 681, 1865
1873, 937, 235, 235, 1873
1874, 938, 235, 235, 1873
1875, 939, 235, 235, 1873
1876, 940, 235, 235, 1873
1877, 937, 682, 682, 1873
1878, 938, 682, 682, 1873
1879, 939, 682, 682, 1873
1880, 940, 682, 682, 1873
1881, 941, 236, 236, 1881
1882, 942, 236, 236, 1881
1883, 943, 236, 236, 1881
1884, 944, 236, 236, 1881
1885, 941, 683, 683, 1881
1886, 942, 683, 683, 1881
1887, 943, 683, 683, 1881
1888, 944, 683, 683, 1881
1889, 945, 237, 237, 1889
1890, 946, 237, 237, 1889
1891, 947, 237, 237, 1889
1892, 948, 237, 237, 1889
1893, 945, 684, 684, 1889
1894, 946, 684, 684, 1889
1895, 947, 684, 684, 1889
1896, 948, 684, 684, 1889
1897, 949, 238, 238, 1897
1898, 950, 238, 238, 1897
1899, 951, 238, 238, 1897
1900, 952, 238, 238, 1897
1901, 949, 685, 685, 1897
1902, 950, 685, 685, 1897
1903, 951, 685, 685, 1897
1904, 952, 685, 685, 1897
1905, 953, 239, 239, 1905
1906, 954, 239, 239, 1905
1907, 955, 239, 239, 1905
1908, 956, 239, 239, 1905
1909, 953, 686, 686, 1905
1910, 954, 686, 686, 1905
1911, 955, 686, 686, 1905
1912, 956, 686, 686, 1905
1913, 957, 240, 240, 1913
1914, 958, 240, 240, 1913
1915, 959, 240, 240, 1913
1916, 960, 240, 240, 1913
1917, 957, 687, 687, 1913
1918, 958, 687, 687, 1913
1919, 959, 687, 687, 1913
1920, 960, 687, 687, 1913
1921, 961, 241, 241, 1921
1922, 962, 241, 241, 1921
1923, 963, 241, 241, 1921
1924, 964, 241, 241, 1921
1925, 961, 688, 688, 1921
1926, 962, 688, 688, 1921
1927, 963, 688, 688, 1921
1928, 964, 688, 688, 1921
1929, 965, 242, 242, 1929
1930, 966, 242, 242, 1929
1931, 967, 242, 242, 1929
1932, 968, 242, 242, 1929
1933, 965, 689, 689, 1929
1934, 966, 689, 689, 1929
1935, 967, 689, 689, 1929
1936, 968, 689, 689, 1929
1937, 969, 243, 243, 1937
1938, 970, 243, 243, 1937
1939, 971, 243, 243, 1937
1940, 972, 243, 243, 1937
1941, 969, 690, 690, 1937
1942, 970, 690, 690, 1937
1943, 971, 690, 690, 1937
1944, 972, 690, 690, 1937
1945, 973, 244, 244, 1945
1946, 974, 244, 244, 1945
1947, 975, 244, 244, 1945
1948, 976, 244, 244, 1945
1949, 973, 691, 691, 1945
1950, 974, 691, 691, 1945
1951, 975, 691, 691, 1945
1952, 976, 691, 691, 1945
1953, 977, 245, 245, 1953
1954, 978, 245, 245, 1953
1955, 979, 245, 245, 1953
1956, 980, 245, 245, 1953
1957, 977, 692, 692, 1953
1958, 978, 692, 692, 1953
1959, 979, 692, 692, 1953
1960, 980, 692, 692, 1953
1961, 981, 246, 246, 1961
1962, 982, 246, 246, 1961
1963, 983, 246, 246, 1961
1964, 984, 246, 246, 1961
1965, 981, 693, 693, 1961
1966, 982, 693, 693, 1961
1967, 983, 693, 693, 1961
1968, 984, 693, 693, 1961
1969, 985, 247, 247, 1969
1970, 986, 247, 247, 1969
1971, 987, 247, 247, 1969
1972, 988, 247, 247, 1969
1973, 985, 694, 694, 1969
1974, 986, 694, 694, 1969
1975, 987, 694, 694, 1969
1976, 988, 694, 694, 1969
1977, 989, 248, 248, 1977
1978, 990, 248, 248, 1977
1979, 991, 248, 248, 1977
1980, 992, 248, 248, 1977
1981, 989, 695, 695, 1977
1982, 990, 695, 695, 1977
1983, 991, 695, 695, 1977
1984, 992, 695, 695, 1977
1985, 993, 249, 249, 1985
1986, 994, 249, 249, 1985
1987, 995, 249, 249, 1985
1988, 996, 249, 249, 1985
1989, 993, 696, 696, 1985
1990, 994, 696, 696, 1985
1991, 995, 696, 696, 1985
1992, 996, 696, 696, 1985
1993, 997, 250, 250, 1993
1994, 998, 250, 250, 1993
1995, 999, 250, 250, 1993
1996, 1000, 250, 250, 1993
1997, 997, 697, 697, 1993
1998, 998, 697, 697, 1993
1999, 999, 697, 697, 1993
2000, 1000, 697, 697, 1993
2001, 1001, 251, 251, 2001
2002, 1002, 251, 251, 2001
2003, 1003, 251, 251, 2001
2004, 1004, 251, 251, 2001
2005, 1001, 698, 698, 2001
2006, 1002, 698, 698, 2001
2007, 1003, 698, 698, 2001
2008, 1004, 698, 698, 2001
2009, 1005, 252, 252, 2009
2010, 1006, 252, 252, 2009
2011, 1007, 252, 252, 2009
2012, 1008, 252, 252, 2009
2013, 1005, 699, 699, 2009
2014, 1006, 699, 699, 2009
2015, 1007, 699, 699, 2009
2016, 1008, 699, 699, 2009
2017, 1009, 253, 253, 2017
2018, 1010, 253, 253, 2017
2019, 1011, 253, 253, 2017
2020, 1012, 253, 253, 2017
2021, 1009, 700, 700, 2017
2022, 1010, 700, 700, 2017
2023, 1011, 700, 700, 2017
2024, 1012, 700, 700, 2017
2025, 1013, 254, 254, 2025
2026, 1014, 254, 254, 2025
2027, 1015, 254, 254, 2025
2028, 1016, 254, 254, 2025
2029, 1013, 701, 701, 2025
2030, 1014, 701, 701, 2025
2031, 1015, 701, 701, 2025
2032, 1016, 701, 701, 2025
2033, 1017, 255, 255, 2033
2034, 1018, 255, 255, 2033
2035, 1019, 255, 255, 2033
2036, 1020, 255, 255, 2033
2037, 1017, 702, 702, 2033
2038, 1018, 702, 702, 2033
2039, 1019, 702, 702, 2033
2040, 1020, 702, 702, 2033
2041, 1021, 256, 256, 2041
2042, 1022, 256, 256, 2041
2043, 1023, 256, 256, 2041
2044, 1024, 256, 256, 2041
2045, 1021, 703, 703, 2041
2046, 1022, 703, 703, 2041
2047, 1023, 703, 703, 2041
2048, 1024, 703, 703, 2041
2049, 1025, 257, 257, 2049
2050, 1026, 257, 257, 2049
2051, 1027, 257, 257, 2049
2052, 1028, 257, 257, 2049
2053, 1025, 704, 704, 2049
2054, 1026, 704, 704, 2049
2055, 1027, 704, 704, 2049
2056, 1028, 704, 704, 2049
2057, 1029, 258, 258, 2057
2058, 1030, 258, 258, 2057
2059, 1031, 258, 258, 2057
2060, 1032, 258, 258, 2057
2061, 1029, 705, 705, 2057
2062, 1030, 705, 705, 2057
2063, 1031, 705, 705, 2057
2064, 1032, 705, 705, 2057
2065, 1033, 259, 259, 2065
2066, 1034, 259, 259, 2065
2067, 1035, 259, 259, 2065
2068, 1036, 259, 259, 2065
2069, 1033, 706, 706, 2065
2070, 1034, 706, 706, 2065
2071, 1035, 706, 706, 2065
2072, 1036, 706, 706, 2065
2073, 1037, 260, 260, 2073
2074, 1038, 260, 260, 2073
2075, 1039, 260, 260, 2073
2076, 1040, 260, 260, 2073
2077, 1037, 707, 707, 2073
2078, 1038, 707, 707, 2073
2079, 1039, 707, 707, 2073
2080, 1040, 707, 707, 2073
2081, 1041, 261, 261, 2081
2082, 1042, 261, 261, 2081
2083, 1043, 261, 261, 2081
2084, 1044, 261, 261, 2081
2085, 1041, 708, 708, 2081
2086, 1042, 708, 708, 2081
2087, 1043, 708, 708, 2081
2088, 1044, 708, 708, 2081
2089, 1045, 262, 262, 2089
2090, 1046, 262, 262, 2089
2091, 1047, 262, 262, 2089
2092, 1048, 262, 262, 2089
2093, 1045, 709, 709, 2089
2094, 1046, 709, 709, 2089
2095, 1047, 709, 709, 2089
2096, 1048, 709, 709, 2089
2097, 1049, 263, 263, 2097
2098, 1050, 263, 263, 2097
2099, 1051, 263, 263, 2097
2100, 1052, 263, 263, 2097
2101, 1049, 710, 710, 2097
2102, 1050, 710, 710, 2097
2103, 1051, 710, 710, 2097
2104, 1052, 710, 710, 2097
2105, 1053, 264, 264, 2105
2106, 1054, 264, 264, 2105
2107, 1055, 264, 264, 2105
2108, 1056, 264, 264, 2105
2109, 1053, 711, 711, 2105
2110, 1054, 711, 711, 2105
2111, 1055, 711, 711, 2105
2112, 1056, 711, 711, 2105
2113, 1057, 265, 265, 2113
2114, 1058, 265, 265, 2113
2115, 1059, 265, 265, 2113
2116, 1060, 265, 265, 2113
2117, 1057, 712, 712, 2113
2118, 1058, 712, 712, 2113
2119, 1059, 712, 712, 2113
2120, 1060, 712, 712, 2113
2121, 1061, 266, 266, 2121
2122, 1062, 266, 266, 2121
2123, 1063, 266, 266, 2121
2124, 1064, 266, 266, 2121
2125, 1061, 713, 713, 2121
2126, 1062, 713, 713, 2121
2127, 1063, 713, 713, 2121
2128, 1064, 713, 713, 2121
2129, 1065, 267, 267, 2129
2130, 1066, 267, 267, 2129
2131, 1067, 267, 267, 2129
2132, 1068, 267, 267, 2129
2133, 1065, 714, 714, 2129
2134, 1066, 714, 714, 2129
2135, 1067, 714, 714, 2129
2136, 1068, 714, 714, 2129
2137, 1069, 268, 268, 2137
2138, 1070, 268, 268, 2137
2139, 1071, 268, 268, 2137
2140, 1072, 268, 268, 2137
2141, 1069, 715, 715, 2137
2142, 1070, 715, 715, 2137
2143, 1071, 715, 715, 2137
2144, 1072, 715, 715, 2137
2145, 1073, 269, 269, 2145
2146, 1074, 269, 269, 2145
2147, 1075, 269, 269, 2145
2148, 1076, 269, 269, 2145
2149, 1073, 716, 716, 2145
2150, 1074, 716, 716, 2145
2151, 1075, 716, 716, 2145
2152, 1076, 716, 716, 2145
2153, 1077, 270, 270, 2153
2154, 1078, 270, 270, 2153
2155, 1079, 270, 270, 2153
2156, 1080, 270, 270, 2153
2157, 1077, 717, 717, 2153
2158, 1078, 717, 717, 2153
2159, 1079, 717, 717, 2153
2160, 1080, 717, 717, 2153
2161, 1081, 271, 271, 2161
2162, 1082, 271, 271, 2161
2163, 1083, 271, 271, 2161
2164, 1084, 271, 271, 2161
2165, 1081, 718, 718, 2161
2166, 1082, 718, 718, 2161
2167, 1083, 718, 718, 2161
2168, 1084, 718, 718, 2161
2169, 1085, 272, 272, 2169
2170, 1086, 272, 272, 2169
2171, 1087, 272, 272, 2169
2172, 1088, 272, 272, 2169
2173, 1085, 719, 719, 2169
2174, 1086, 719, 719, 2169
2175, 1087, 719, 719, 2169
2176, 1088, 719, 719, 2169
2177, 1089, 273, 273, 2177
2178, 1090, 273, 273, 2177
2179, 1091, 273, 273, 2177
2180, 1092, 273, 273, 2177
2181, 1089, 720, 720, 2177
2182, 1090, 720, 720, 2177
2183, 1091, 720, 720, 2177
2184, 1092, 720, 720, 2177
2185, 1093, 274, 274, 2185
2186, 1094, 274, 274, 2185
2187, 1095, 274, 274, 2185
2188, 1096, 274, 274, 2185
2189, 1093, 721, 721, 2185
2190, 1094, 721, 721, 2185
2191, 1095, 721, 721, 2185
2192, 1096, 721, 721, 2185
2193, 1097, 275, 275, 2193
2194, 1098, 275, 275, 2193
2195, 1099, 275, 275, 2193
2196, 1100, 275, 275, 2193
2197, 1097, 722, 722, 2193
2198, 1098, 722, 722, 2193
2199, 1099, 722, 722, 2193
2200, 1100, 722, 722, 2193
2201, 1101, 276, 276, 2201
2202, 1102, 276, 276, 2201
2203, 1103, 276, 276, 2201
2204, 1104, 276, 276, 2201
2205, 1101, 723, 723, 2201
2206, 1102, 723, 723, 2201
2207, 1103, 723, 723, 2201
2208, 1104, 723, 723, 2201
2209, 1105, 277, 277, 2209
2210, 1106, 277, 277, 2209
2211, 1107, 277, 277, 2209
2212, 1108, 277, 277, 2209
2213, 1105, 724, 724, 2209
2214, 1106, 724, 724, 2209
2215, 1107, 724, 724, 2209
2216, 1108, 724, 724, 2209
2217, 1109, 278, 278, 2217
2218, 1110, 278, 278, 2217
2219, 1111, 278, 278, 2217
2220, 1112, 278, 278, 2217
2221, 1109, 725, 725, 2217
2222, 1110, 725, 725, 2217
2223, 1111, 725, 725, 2217
2224, 1112, 725, 725, 2217
2225, 1113, 279, 279, 2225
2226, 1114, 279, 279, 2225
2227, 1115, 279, 279, 2225
2228, 1116, 279, 279, 2225
2229, 1113, 726, 726, 2225
2230, 1114, 726, 726, 2225
2231, 1115, 726, 726, 2225
2232, 1116, 726, 726, 2225
2233, 1117, 280, 280, 2233
2234, 1118, 280, 280, 2233
2235, 1119, 280, 280, 2233
2236, 1120, 280, 280, 2233
2237, 1117, 727, 727, 2233
2238, 1118, 727, 727, 2233
2239, 1119, 727, 727, 2233
2240, 1120, 727, 727, 2233
2241, 1121, 281, 281, 2241
2242, 1122, 281, 281, 2241
2243, 1123, 281, 281, 2241
2244, 1124, 281, 281, 2241
2245, 1121, 728, 728, 2241
2246, 1122, 728, 728, 2241
2247, 1123, 728, 728, 2241
2248, 1124, 728, 728, 2241
2249, 1125, 282, 282, 2249
2250, 1126, 282, 282, 2249
2251, 1127, 282, 282, 2249
2252, 1128, 282, 282, 2249
2253, 1125, 729, 729, 2249
2254, 1126, 729, 729, 2249
2255, 1127, 729, 729, 2249
2256, 1128, 729, 729, 2249
2257, 1129, 283, 283, 2257
2258, 1130, 283, 283, 2257
2259, 1131, 283, 283, 2257
2260, 1132, 283, 283, 2257
2261, 1129, 730, 730, 2257
2262, 1130, 730, 730, 2257
2263, 1131, 730, 730, 2257
2264, 1132, 730, 730, 2257
2265, 1133, 284, 284, 2265
2266, 1134, 284, 284, 2265
2267, 1135, 284, 284, 2265
2268, 1136, 284, 284, 2265
2269, 1133, 731, 731, 2265
2270, 1134, 731, 731, 2265
2271, 1135, 731, 731, 2265
2272, 1136, 731, 731, 2265
2273, 1137, 285, 285, 2273
2274, 1138, 285, 285, 2273
2275, 1139, 285, 285, 2273
2276, 1140, 285, 285, 2273
2277, 1137, 732, 732, 2273
2278, 1138, 732, 732, 2273
2279, 1139, 732, 732, 2273
2280, 1140, 732, 732, 2273
2281, 1141, 286, 286, 2281
2282, 1142, 286, 286, 2281
2283, 1143, 286, 286, 2281
2284, 1144, 286, 286, 2281
2285, 1141, 733, 733, 2281
2286, 1142, 733, 733, 2281
2287, 1143, 733, 733, 2281
2288, 1144, 733, 733, 2281
2289, 1145, 287, 287, 2289
2290, 1146, 287, 287, 2289
2291, 1147, 287, 287, 2289
2292, 1148, 287, 287, 2289
2293, 1145, 734, 734, 2289
2294, 1146, 734, 734, 2289
2295, 1147, 734, 734, 2289
2296, 1148, 734, 734, 2289
2297, 1149, 288, 288, 2297
2298, 1150, 288, 288, 2297
2299, 1151, 288, 288, 2297
2300, 1152, 288, 288, 2297
2301, 1149, 735, 735, 2297
2302, 1150, 735, 735, 2297
2303, 1151, 735, 735, 2297
2304, 1152, 735, 735, 2297
2305, 1153, 289, 289, 2305
2306, 1154, 289, 289, 2305
2307, 1155, 289, 289, 2305
2308, 1156, 289, 289, 2305
2309, 1153, 736, 736, 2305
2310, 1154, 736, 736, 2305
2311, 1155, 736, 736, 2305
2312, 1156, 736, 736, 2305
2313, 1157, 290, 290, 2313
2314, 1158, 290, 290, 2313
2315, 1159, 290, 290, 2313
2316, 1160, 290, 290, 2313
2317, 1157, 737, 737, 2313
2318, 1158, 737, 737, 2313
2319, 1159, 737, 737, 2313
2320, 1160, 737, 737, 2313
2321, 1161, 291, 291, 2321
2322, 1162, 291, 291, 2321
2323, 1163, 291, 291, 2321
2324, 1164, 291, 291, 2321
2325, 1161, 738, 738, 2321
2326, 1162, 738, 738, 2321
2327, 1163, 738, 738, 2321
2328, 1164, 738, 738, 2321
2329, 1165, 292, 292, 2329
2330, 1166, 292, 292, 2329
2331, 1167, 292, 292, 2329
2332, 1168, 292, 292, 2329
2333, 1165, 739, 739, 2329
2334, 1166, 739, 739, 2329
2335, 1167, 739, 739, 2329
2336, 1168, 739, 739, 2329
2337, 1169, 293, 293, 2337
2338, 1170, 293, 293, 2337
2339, 1171, 293, 293, 2337
2340, 1172, 293, 293, 2337
2341, 1169, 740, 740, 2337
2342, 1170, 740, 740, 2337
2343, 1171, 740, 740, 2337
2344, 1172, 740, 740, 2337
2345, 1173, 294, 294, 2345
2346, 1174, 294, 294, 2345
2347, 1175, 294, 294, 2345
2348, 1176, 294, 294, 2345
2349, 1173, 741, 741, 2345
2350, 1174, 741, 741, 2345
2351, 1175, 741, 741, 2345
2352, 1176, 741, 741, 2345
2353, 1177, 295, 295, 2353
2354, 1178, 295, 295, 2353
2355, 1179, 295, 295, 2353
2356, 1180, 295, 295, 2353
2357, 1177, 742, 742, 2353
2358, 1178, 742, 742, 2353
2359, 1179, 742, 742, 2353
2360, 1180, 742, 742, 2353
2361, 1181, 296, 296, 2361
2362, 1182, 296, 296, 2361
2363, 1183, 296, 296, 2361
2364, 1184, 296, 296, 2361
2365, 1181, 743, 743, 2361
2366, 1182, 743, 743, 2361
2367, 1183, 743, 743, 2361
2368, 1184, 743, 743, 2361
2369, 1185, 297, 297, 2369
2370, 1186, 297, 297, 2369
2371, 1187, 297, 297, 2369
2372, 1188, 297, 297, 2369
2373, 1185, 744, 744, 2369
2374, 1186, 744, 744, 2369
2375, 1187, 744, 744, 2369
2376, 1188, 744, 744, 2369
2377, 1189, 298, 298, 2377
2378, 1190, 298, 298, 2377
2379, 1191, 298, 298, 2377
2380, 1192, 298, 298, 2377
2381, 1189, 745, 745, 2377
2382, 1190, 745, 745, 2377
2383, 1191, 745, 745, 2377
2384, 1192, 745, 745, 2377
2385, 1193, 299, 299, 2385
2386, 1194, 299, 299, 2385
2387, 1195, 299, 299, 2385
2388, 1196, 299, 299, 2385
2389, 1193, 746, 746, 2385
2390, 1194, 746, 746, 2385
2391, 1195, 746, 746, 2385
2392, 1196, 746, 746, 2385
2393, 1197, 300, 300, 2393
2394, 1198, 300, 300, 2393
2395, 1199, 300, 300, 2393
2396, 1200, 300, 300, 2393
2397, 1197, 747, 747, 2393
2398, 1198, 747, 747, 2393
2399, 1199, 747, 747, 2393
2400, 1200, 747, 747, 2393
2401, 1201, 301, 301, 2401
2402, 1202, 301, 301, 2401
2403, 1203, 301, 301, 2401
2404, 1204, 301, 301, 2401
2405, 1201, 748, 748, 2401
2406, 1202, 748, 748, 2401
2407, 1203, 748, 748, 2401
2408, 1204, 748, 748, 2401
2409, 1205, 302, 302, 2409
2410, 1206, 302, 302, 2409
2411, 1207, 302, 302, 2409
2412, 1208, 302, 302, 2409
2413, 1205, 749, 749, 2409
2414, 1206, 749, 749, 2409
2415, 1207, 749, 749, 2409
2416, 1208, 749, 749, 2409
2417, 1209, 303, 303, 2417
2418, 1210, 303, 303, 2417
2419, 1211, 303, 303, 2417
2420, 1212, 303, 303, 2417
2421, 1209, 750, 750, 2417
2422, 1210, 750, 750, 2417
2423, 1211, 750, 750, 2417
2424, 1212, 750, 750, 2417
2425, 1213, 304, 304, 2425
2426, 1214, 304, 304, 2425
2427, 1215, 304, 304, 2425
2428, 1216, 304, 304, 2425
2429, 1213, 751, 751, 2425
2430, 1214, 751, 751, 2425
2431, 1215, 751, 751, 2425
2432, 1216, 751, 751, 2425
2433, 1217, 305, 305, 2433
2434, 1218, 305, 305, 2433
2435, 1219, 305, 305, 2433
2436, 1220, 305, 305, 2433
2437, 1217, 752, 752, 2433
2438, 1218, 752, 752, 2433
2439, 1219, 752, 752, 2433
2440, 1220, 752, 752, 2433
2441, 1221, 306, 306, 2441
2442, 1222, 306, 306, 2441
2443, 1223, 306, 306, 2441
2444, 1224, 306, 306, 2441
2445, 1221, 753, 753, 2441
2446, 1222, 753, 753, 2441
2447, 1223, 753, 753, 2441
2448, 1224, 753, 753, 2441
2449, 1225, 307, 307, 2449
2450, 1226, 307, 307, 2449
2451, 1227, 307, 307, 2449
2452, 1228, 307, 307, 2449
2453, 1225, 754, 754, 2449
2454, 1226, 754, 754, 2449
2455, 1227, 754, 754, 2449
2456, 1228, 754, 754, 2449
2457, 1229, 308, 308, 2457
2458, 1230, 308, 308, 2457
2459, 1231, 308, 308, 2457
2460, 1232, 308, 308, 2457
2461, 1229, 755, 755, 2457
2462, 1230, 755, 755, 2457
2463, 1231, 755, 755, 2457
2464, 1232, 755, 755, 2457
2465, 1233, 309, 309, 2465
2466, 1234, 309, 309, 2465
2467, 1235, 309, 309, 2465
2468, 1236, 309, 309, 2465
2469, 1233, 756, 756, 2465
2470, 1234, 756, 756, 2465
2471, 1235, 756, 756, 2465
2472, 1236, 756, 756, 2465
2473, 1237, 310, 310, 2473
2474, 1238, 310, 310, 2473
2475, 1239, 310, 310, 2473
2476, 1240, 310, 310, 2473
2477, 1237, 757, 757, 2473
2478, 1238, 757, 757, 2473
2479, 1239, 757, 757, 2473
2480, 1240, 757, 757, 2473
2481, 1241, 311, 311, 2481
2482, 1242, 311, 311, 2481
2483, 1243, 311, 311, 2481
2484, 1244, 311, 311, 2481
2485, 1241, 758, 758, 2481
2486, 1242, 758, 758, 2481
2487, 1243, 758, 758, 2481
2488, 1244, 758, 758, 2481
2489, 1245, 312, 312, 2489
2490, 1246, 312, 312, 2489
2491, 1247, 312, 312, 2489
2492, 1248, 312, 312, 2489
2493, 1245, 759, 759, 2489
2494, 1246, 759, 759, 2489
2495, 1247, 759, 759, 2489
2496, 1248, 759, 759, 2489
2497, 1249, 313, 313, 2497
2498, 1250, 313, 313, 2497
2499, 1251, 313, 313, 2497
2500, 1252, 313, 313, 2497
2501, 1249, 760, 760, 2497
2502, 1250, 760, 760, 2497
2503, 1251, 760, 760, 2497
2504, 1252, 760, 760, 2497
2505, 1253, 314, 314, 2505
2506, 1254, 314, 314, 2505
2507, 1255, 314, 314, 2505
2508, 1256, 314, 314, 2505
2509, 1253, 761, 761, 2505
2510, 1254, 761, 761, 2505
2511, 1255, 761, 761, 2505
2512, 1256, 761, 761, 2505
2513, 1257, 315, 315, 2513
2514, 1258, 315, 315, 2513
2515, 1259, 315, 315, 2513
2516, 1260, 315, 315, 2513
2517, 1257, 762, 762, 2513
2518, 1258, 762, 762, 2513
2519, 1259, 762, 762, 2513
2520, 1260, 762, 762, 2513
2521, 1261, 316, 316, 2521
2522, 1262, 316, 316, 2521
2523, 1263, 316, 316, 2521
2524, 1264, 316, 316, 2521
2525, 1261, 763, 763, 2521
2526, 1262, 763, 763, 2521
2527, 1263, 763, 763, 2521
2528, 1264, 763, 763, 2521
2529, 1265, 317, 317, 2529
2530, 1266, 317, 317, 2529
2531, 1267, 317, 317, 2529
2532, 1268, 317, 317, 2529
2533, 1265, 764, 764, 2529
2534, 1266, 764, 764, 2529
2535, 1267, 764, 764, 2529
2536, 1268, 764, 764, 2529
2537, 1269, 318, 318, 2537
2538, 1270, 318, 318, 2537
2539, 1271, 318, 318, 2537
2540, 1272, 318, 318, 2537
2541, 1269, 765, 765, 2537
2542, 1270, 765, 765, 2537
2543, 1271, 765, 765, 2537
2544, 1272, 765, 765, 2537
2545, 1273, 319, 319, 2545
2546, 1274, 319, 319, 2545
2547, 1275, 319, 319, 2545
2548, 1276, 319, 319, 2545
2549, 1273, 766, 766, 2545
2550, 1274, 766, 766, 2545
2551, 1275, 766, 766, 2545
2552, 1276, 766, 766, 2545
2553, 1277, 320, 320, 2553
2554, 1278, 320, 320, 2553
2555, 1279, 320, 320, 2553
2556, 1280, 320, 320, 2553
2557, 1277, 767, 767, 2553
2558, 1278, 767, 767, 2553
2559, 1279, 767, 767, 2553
2560, 1280, 767, 767, 2553
2561, 1281, 321, 321, 2561
2562, 1282, 321, 321, 2561
2563, 1283, 321, 321, 2561
2564, 1284, 321, 321, 2561
2565, 1281, 768, 768, 2561
2566, 1282, 768, 768, 2561
2567, 1283, 768, 768, 2561
2568, 1284, 768, 768, 2561
2569, 1285, 322, 322, 2569
2570, 1286, 322, 322, 2569
2571, 1287, 322, 322, 2569
2572, 1288, 322, 322, 2569
2573, 1285, 769, 769, 2569
2574, 1286, 769, 769, 2569
2575, 1287, 769, 769, 2569
2576, 1288, 769, 769, 2569
2577, 1289, 323, 323, 2577
2578, 1290, 323, 323, 2577
2579, 1291, 323, 323, 2577
2580, 1292, 323, 323, 2577
2581, 1289, 770, 770, 2577
2582, 1290, 770, 770, 2577
2583, 1291, 770, 770, 2577
2584, 1292, 770, 770, 2577
2585, 1293, 324, 324, 2585
2586, 1294, 324, 324, 2585
2587, 1295, 324, 324, 2585
2588, 1296, 324, 324, 2585
2589, 1293, 771, 771, 2585
2590, 1294, 771, 771, 2585
2591, 1295, 771, 771, 2585
2592, 1296, 771, 771, 2585
2593, 1297, 325, 325, 2593
2594, 1298, 325, 325, 2593
2595, 1299, 325, 325, 2593
2596, 1300, 325, 325, 2593
2597, 1297, 772, 772, 2593
2598, 1298, 772, 772, 2593
2599, 1299, 772, 772, 2593
2600, 1300, 772, 772, 2593
2601, 1301, 326, 326, 2601
2602, 1302, 326, 326, 2601
2603, 1303, 326, 326, 2601
2604, 1304, 326, 326, 2601
2605, 1301, 773, 773, 2601
2606, 1302, 773, 773, 2601
2607, 1303, 773, 773, 2601
2608, 1304, 773, 773, 2601
2609, 1305, 327, 327, 2609
2610, 1306, 327, 327, 2609
2611, 1307, 327, 327, 2609
2612, 1308, 327, 327, 2609
2613, 1305, 774, 774, 2609
2614, 1306, 774, 774, 2609
2615, 1307, 774, 774, 2609
2616, 1308, 774, 774, 2609
2617, 1309, 328, 328, 2617
2618, 1310, 328, 328, 2617
2619, 1311, 328, 328, 2617
2620, 1312, 328, 328, 2617
2621, 1309, 775, 775, 2617
2622, 1310, 775, 775, 2617
2623, 1311, 775, 775, 2617
2624, 1312, 775, 775, 2617
2625, 1313, 329, 329, 2625
2626, 1314, 329, 329, 2625
2627, 1315, 329, 329, 2625
2628, 1316, 329, 329, 2625
2629, 1313, 776, 776, 2625
2630, 1314, 776, 776, 2625
2631, 1315, 776, 776, 2625
2632, 1316, 776, 776, 2625
2633, 1317, 330, 330, 2633
2634, 1318, 330, 330, 2633
2635, 1319, 330, 330, 2633
2636, 1320, 330, 330, 2633
2637, 1317, 777, 777, 2633
2638, 1318, 777, 777, 2633
2639, 1319, 777, 777, 2633
2640, 1320, 777, 777, 2633
2641, 1321, 331, 331, 2641
2642, 1322, 331, 331, 2641
2643, 1323, 331, 331, 2641
2644, 1324, 331, 331, 2641
2645, 1321, 778, 778, 2641
2646, 1322, 778, 778, 2641
2647, 1323, 778, 778, 2641
2648, 1324, 778, 778, 2641
2649, 1325, 332, 332, 2649
2650, 1326, 332, 332, 2649
2651, 1327, 332, 332, 2649
2652, 1328, 332, 332, 2649
2653, 1325, 779, 779, 2649
2654, 1326, 779, 779, 2649
2655, 1327, 779, 779, 2649
2656, 1328, 779, 779, 2649
2657, 1329, 333, 333, 2657
2658, 1330, 333, 333, 2657
2659, 1331, 333, 333, 2657
2660, 1332, 333, 333, 2657
2661, 1329, 780, 780, 2657
2662, 1330, 780, 780, 2657
2663, 1331, 780, 780, 2657
2664, 1332, 780, 780, 2657
2665, 1333, 334, 334, 2665
2666, 1334, 334, 334, 2665
2667, 1335, 334, 334, 2665
2668, 1336, 334, 334, 2665
2669, 1333, 781, 781, 2665
2670, 1334, 781, 781, 2665
2671, 1335, 781, 781, 2665
2672, 1336, 781, 781, 2665
2673, 1337, 335, 335, 2673
2674, 1338, 335, 335, 2673
2675, 1339, 335, 335, 2673
2676, 1340, 335, 335, 2673
2677, 1337, 782, 782, 2673
2678, 1338, 782, 782, 2673
2679, 1339, 782, 782, 2673
2680, 1340, 782, 782, 2673
2681, 1341, 336, 336, 2681
2682, 1342, 336, 336, 2681
2683, 1343, 336, 336, 2681
2684, 1344, 336, 336, 2681
2685, 1341, 783, 783, 2681
2686, 1342, 783, 783, 2681
2687, 1343, 783, 783, 2681
2688, 1344, 783, 783, 2681
2689, 1345, 337, 337, 2689
2690, 1346, 337, 337, 2689
2691, 1347, 337, 337, 2689
2692, 1348, 337, 337, 2689
2693, 1345, 784, 784, 2689
2694, 1346, 784, 784, 2689
2695, 1347, 784, 784, 2689
2696, 1348, 784, 784, 2689
2697, 1349, 338, 338, 2697
2698, 1350, 338, 338, 2697
2699, 1351, 338, 338, 2697
2700, 1352, 338, 338, 2697
2701, 1349, 785, 785, 2697
2702, 1350, 785, 785, 2697
2703, 1351, 785, 785, 2697
2704, 1352, 785, 785, 2697
2705, 1353, 339, 339, 2705
2706, 1354, 339, 339, 2705
2707, 1355, 339, 339, 2705
2708, 1356, 339, 339, 2705
2709, 1353, 786, 786, 2705
2710, 1354, 786, 786, 2705
2711, 1355, 786, 786, 2705
2712, 1356, 786, 786, 2705
2713, 1357, 340, 340, 2713
2714, 1358, 340, 340, 2713
2715, 1359, 340, 340, 2713
2716, 1360, 340, 340, 2713
2717, 1357, 787, 787, 2713
2718, 1358, 787, 787, 2713
2719, 1359, 787, 787, 2713
2720, 1360, 787, 787, 2713
2721, 1361, 341, 341, 2721
2722, 1362, 341, 341, 2721
2723, 1363, 341, 341, 2721
2724, 1364, 341, 341, 2721
2725, 1361, 788, 788, 2721
2726, 1362, 788, 788, 2721
2727, 1363, 788, 788, 2721
2728, 1364, 788, 788, 2721
2729, 1365, 342, 342, 2729
2730, 1366, 342, 342, 2729
2731, 1367, 342, 342, 2729
2732, 1368, 342, 342, 2729
2733, 1365, 789, 789, 2729
2734, 1366, 789, 789, 2729
2735, 1367, 789, 789, 2729
2736, 1368, 789, 789, 2729
2737, 1369, 343, 343, 2737
2738, 1370, 343, 343, 2737
2739, 1371, 343, 343, 2737
2740, 1372, 343, 343, 2737
2741, 1369, 790, 790, 2737
2742, 1370, 790, 790, 2737
2743, 1371, 790, 790, 2737
2744, 1372, 790, 790, 2737
2745, 1373, 344, 344, 2745
2746, 1374, 344, 344, 2745
2747, 1375, 344, 344, 2745
2748, 1376, 344, 344, 2745
2749, 1373, 791, 791, 2745
2750, 1374, 791, 791, 2745
2751, 1375, 791, 791, 2745
2752, 1376, 791, 791, 2745
2753, 1377, 345, 345, 2753
2754, 1378, 345, 345, 2753
2755, 1379, 345, 345, 2753
2756, 1380, 345, 345, 2753
2757, 1377, 792, 792, 2753
2758, 1378, 792, 792, 2753
2759, 1379, 792, 792, 2753
2760, 1380, 792, 792, 2753
2761, 1381, 346, 346, 2761
2762, 1382, 346, 346, 2761
2763, 1383, 346, 346, 2761
2764, 1384, 346, 346, 2761
2765, 1381, 793, 793, 2761
2766, 1382, 793, 793, 2761
2767, 1383, 793, 793, 2761
2768, 1384, 793, 793, 2761
2769, 1385, 347, 347, 2769
2770, 1386, 347, 347, 2769
2771, 1387, 347, 347, 2769
2772, 1388, 347, 347, 2769
2773, 1385, 794, 794, 2769
2774, 1386, 794, 794, 2769
2775, 1387, 794, 794, 2769
2776, 1388, 794, 794, 2769
2777, 1389, 348, 348, 2777
2778, 1390, 348, 348, 2777
2779, 1391, 348, 348, 2777
2780, 1392, 348, 348, 2777
2781, 1389, 795, 795, 2777
2782, 1390, 795, 795, 2777
2783, 1391, 795, 795, 2777
2784, 1392, 795, 795, 2777
2785, 1393, 349, 349, 2785
2786, 1394, 349, 349, 2785
2787, 1395, 349, 349, 2785
2788, 1396, 349, 349, 2785
2789, 1393, 796, 796, 2785
2790, 1394, 796, 796, 2785
2791, 1395, 796, 796, 2785
2792, 1396, 796, 796, 2785
2793, 1397, 350, 350, 2793
2794, 1398, 350, 350, 2793
2795, 1399, 350, 350, 2793
2796, 1400, 350, 350, 2793
2797, 1397, 797, 797, 2793
2798, 1398, 797, 797, 2793
2799, 1399, 797, 797, 2793
2800, 1400, 797, 797, 2793
2801, 1401, 351, 351, 2801
2802, 1402, 351, 351, 2801
2803, 1403, 351, 351, 2801
2804, 1404, 351, 351, 2801
2805, 1401, 798, 798, 2801
2806, 1402, 798, 798, 2801
2807, 1403, 798, 798, 2801
2808, 1404, 798, 798, 2801
2809, 1405, 352, 352, 2809
2810, 1406, 352, 352, 2809
2811, 1407, 352, 352, 2809
2812, 1408, 352, 352, 2809
2813, 1405, 799, 799, 2809
2814, 1406, 799, 799, 2809
2815, 1407, 799, 799, 2809
2816, 1408, 799, 799, 2809
2817, 1409, 353, 353, 2817
2818, 1410, 353, 353, 2817
2819, 1411, 353, 353, 2817
2820, 1412, 353, 353, 2817
2821, 1409, 800, 800, 2817
2822, 1410, 800, 800, 2817
2823, 1411, 800, 800, 2817
2824, 1412, 800, 800, 2817
2825, 1413, 354, 354, 2825
2826, 1414, 354, 354, 2825
2827, 1415, 354, 354, 2825
2828, 1416, 354, 354, 2825
2829, 1413, 801, 801, 2825
2830, 1414, 801, 801, 2825
2831, 1415, 801, 801, 2825
2832, 1416, 801, 801, 2825
2833, 1417, 355, 355, 2833
2834, 1418, 355, 355, 2833
2835, 1419, 355, 355, 2833
2836, 1420, 355, 355, 2833
2837, 1417, 802, 802, 2833
2838, 1418, 802, 802, 2833
2839, 1419, 802, 802, 2833
2840, 1420, 802, 802, 2833
2841, 1421, 356, 356, 2841
2842, 1422, 356, 356, 2841
2843, 1423, 356, 356, 2841
2844, 1424, 356, 356, 2841
2845, 1421, 803, 803, 2841
2846, 1422, 803, 803, 2841
2847, 1423, 803, 803, 2841
2848, 1424, 803, 803, 2841
2849, 1425, 357, 357, 2849
2850, 1426, 357, 357, 2849
2851, 1427, 357, 357, 2849
2852, 1428, 357, 357, 2849
2853, 1425, 804, 804, 2849
2854, 1426, 804, 804, 2849
2855, 1427, 804, 804, 2849
2856, 1428, 804, 804, 2849
2857, 1429, 358, 358, 2857
2858, 1430, 358, 358, 2857
2859, 1431, 358, 358, 2857
2860, 1432, 358, 358, 2857
2861, 1429, 805, 805, 2857
2862, 1430, 805, 805, 2857
2863, 1431, 805, 805, 2857
2864, 1432, 805, 805, 2857
2865, 1433, 359, 359, 2865
2866, 1434, 359, 359, 2865
2867, 1435, 359, 359, 2865
2868, 1436, 359, 359, 2865
2869, 1433, 806, 806, 2865
2870, 1434, 806, 806, 2865
2871, 1435, 806, 806, 2865
2872, 1436, 806, 806, 2865
2873, 1437, 360, 360, 2873
2874, 1438, 360, 360, 2873
2875, 1439, 360, 360, 2873
2876, 1440, 360, 360, 2873
2877, 1437, 807, 807, 2873
2878, 1438, 807, 807, 2873
2879, 1439, 807, 807, 2873
2880, 1440, 807, 807, 2873
2881, 1441, 361, 361, 2881
2882, 1442, 361, 361, 2881
2883, 1443, 361, 361, 2881
2884, 1444, 361, 361, 2881
2885, 1441, 808, 808, 2881
2886, 1442, 808, 808, 2881
2887, 1443, 808, 808, 2881
2888, 1444, 808, 808, 2881
2889, 1445, 362, 362, 2889
2890, 1446, 362, 362, 2889
2891, 1447, 362, 362, 2889
2892, 1448, 362, 362, 2889
2893, 1445, 809, 809, 2889
2894, 1446, 809, 809, 2889
2895, 1447, 809, 809, 2889
2896, 1448, 809, 809, 2889
2897, 1449, 363, 363, 2897
2898, 1450, 363, 363, 2897
2899, 1451, 363, 363, 2897
2900, 1452, 363, 363, 2897
2901, 1449, 810, 810, 2897
2902, 1450, 810, 810, 2897
2903, 1451, 810, 810, 2897
2904, 1452, 810, 810, 2897
2905, 1453, 364, 364, 2905
2906, 1454, 364, 364, 2905
2907, 1455, 364, 364, 2905
2908, 1456, 364, 364, 2905
2909, 1453, 811, 811, 2905
2910, 1454, 811, 811, 2905
2911, 1455, 811, 811, 2905
2912, 1456, 811, 811, 2905
2913, 1457, 365, 365, 2913
2914, 1458, 365, 365, 2913
2915, 1459, 365, 365, 2913
2916, 1460, 365, 365, 2913
2917, 1457, 812, 812, 2913
2918, 1458, 812, 812, 2913
2919, 1459, 812, 812, 2913
2920, 1460, 812, 812, 2913
2921, 1461, 366, 366, 2921
2922, 1462, 366, 366, 2921
2923, 1463, 366, 366, 2921
2924, 1464, 366, 366, 2921
2925, 1461, 813, 813, 2921
2926, 1462, 813, 813, 2921
2927, 1463, 813, 813, 2921
2928, 1464, 813, 813, 2921
2929, 1465, 367, 367, 2929
2930, 1466, 367, 367, 2929
2931, 1467, 367, 367, 2929
2932, 1468, 367, 367, 2929
2933, 1465, 814, 814, 2929
2934, 1466, 814, 814, 2929
2935, 1467, 814, 814, 2929
2936, 1468, 814, 814, 2929
2937, 1469, 368, 368, 2937
2938, 1470, 368, 368, 2937
2939, 1471, 368, 368, 2937
2940, 1472, 368, 368, 2937
2941, 1469, 815, 815, 2937
2942, 1470, 815, 815, 2937
2943, 1471, 815, 815, 2937
2944, 1472, 815, 815, 2937
2945, 1473, 369, 369, 2945
2946, 1474, 369, 369, 2945
2947, 1475, 369, 369, 2945
2948, 1476, 369, 369, 2945
2949, 1473, 816, 816, 2945
2950, 1474, 816, 816, 2945
2951, 1475, 816, 816, 2945
2952, 1476, 816, 816, 2945
2953, 1477, 370, 370, 2953
2954, 1478, 370, 370, 2953
2955, 1479, 370, 370, 2953
2956, 1480, 370, 370, 2953
2957, 1477, 817, 817, 2953
2958, 1478, 817, 817, 2953
2959, 1479, 817, 817, 2953
2960, 1480, 817, 817, 2953
2961, 1481, 371, 371, 2961
2962, 1482, 371, 371, 2961
2963, 1483, 371, 371, 2961
2964, 1484, 371, 371, 2961
2965, 1481, 818, 818, 2961
2966, 1482, 818, 818, 2961
2967, 1483, 818, 818, 2961
2968, 1484, 818, 818, 2961
2969, 1485, 372, 372, 2969
2970, 1486, 372, 372, 2969
2971, 1487, 372, 372, 2969
2972, 1488, 372, 372, 2969
2973, 1485, 819, 819, 2969
2974, 1486, 819, 819, 2969
2975, 1487, 819, 819, 2969
2976, 1488, 819, 819, 2969
2977, 1489, 373, 373, 2977
2978, 1490, 373, 373, 2977
2979, 1491, 373, 373, 2977
2980, 1492, 373, 373, 2977
2981, 1489, 820, 820, 2977
2982, 1490, 820, 820, 2977
2983, 1491, 820, 820, 2977
2984, 1492, 820, 820, 2977
2985, 1493, 374, 374, 2985
2986, 1494, 374, 374, 2985
2987, 1495, 374, 374, 2985
2988, 1496, 374, 374, 2985
2989, 1493, 821, 821, 2985
2990, 1494, 821, 821, 2985
2991, 1495, 821, 821, 2985
2992, 1496, 821, 821, 2985
2993, 1497, 375, 375, 2993
2994, 1498, 375, 375, 2993
2995, 1499, 375, 375, 2993
2996, 1500, 375, 375, 2993
2997, 1497, 822, 822, 2993
2998, 1498, 822, 822, 2993
2999, 1499, 822, 822, 2993
3000, 1500, 822, 822, 2993
3001, 1501, 376, 376, 3001
3002, 1502, 376, 376, 3001
3003, 1503, 376, 376, 3001
3004, 1504, 376, 376, 3001
3005, 1501, 823, 823, 3001
3006, 1502, 823, 823, 3001
3007, 1503, 823, 823, 3001
3008, 1504, 823, 823, 3001
3009, 1505, 377, 377, 3009
3010, 1506, 377, 377, 3009
3011, 1507, 377, 377, 3009
3012, 1508, 377, 377, 3009
3013, 1505, 824, 824, 3009
3014, 1506, 824, 824, 3009
3015, 1507, 824, 824, 3009
3016, 1508, 824, 824, 3009
3017, 1509, 378, 378, 3017
3018, 1510, 378, 378, 3017
3019, 1511, 378, 378, 3017
3020, 1512, 378, 378, 3017
3021, 1509, 825, 825, 3017
3022, 1510, 825, 825, 3017
3023, 1511, 825, 825, 3017
3024, 1512, 825, 825, 3017
3025, 1513, 379, 379, 3025
3026, 1514, 379, 379, 3025
3027, 1515, 379, 379, 3025
3028, 1516, 379, 379, 3025
3029, 1513, 826, 826, 3025
3030, 1514, 826, 826, 3025
3031, 1515, 826, 826, 3025
3032, 1516, 826, 826, 3025
3033, 1517, 380, 380, 3033
3034, 1518, 380, 380, 3033
3035, 1519, 380, 380, 3033
3036, 1520, 380, 380, 3033
3037, 1517, 827, 827, 3033
3038, 1518, 827, 827, 3033
3039, 1519, 827, 827, 3033
3040, 1520, 827, 827, 3033
3041, 1521, 381, 381, 3041
3042, 1522, 381, 381, 3041
3043, 1523, 381, 381, 3041
3044, 1524, 381, 381, 3041
3045, 1521, 828, 828, 3041
3046, 1522, 828, 828, 3041
3047, 1523, 828, 828, 3041
3048, 1524, 828, 828, 3041
3049, 1525, 382, 382, 3049
3050, 1526, 382, 382, 3049
3051, 1527, 382, 382, 3049
3052, 1528, 382, 382, 3049
3053, 1525, 829, 829, 3049
3054, 1526, 829, 829, 3049
3055, 1527, 829, 829, 3049
3056, 1528, 829, 829, 3049
3057, 1529, 383, 383, 3057
3058, 1530, 383, 383, 3057
3059, 1531, 383, 383, 3057
3060, 1532, 383, 383, 3057
3061, 1529, 830, 830, 3057
3062, 1530, 830, 830, 3057
3063, 1531, 830, 830, 3057
3064, 1532, 830, 830, 3057
3065, 1533, 384, 384, 3065
3066, 1534, 384, 384, 3065
3067, 1535, 384, 384, 3065
3068, 1536, 384, 384, 3065
3069, 1533, 831, 831, 3065
3070, 1534, 831, 831, 3065
3071, 1535, 831, 831, 3065
3072, 1536, 831, 831, 3065
3073, 1537, 385, 385, 3073
3074, 1538, 385, 385, 3073
3075, 1539, 385, 385, 3073
3076, 1540, 385, 385, 3073
3077, 1537, 832, 832, 3073
3078, 1538, 832, 832, 3073
3079, 1539, 832, 832, 3073
3080, 1540, 832, 832, 3073
3081, 1541, 386, 386, 3081
3082, 1542, 386, 386, 3081
3083, 1543, 386, 386, 3081
3084, 1544, 386, 386, 3081
3085, 1541, 833, 833, 3081
3086, 1542, 833, 833, 3081
3087, 1543, 833, 833, 3081
3088, 1544, 833, 833, 3081
3089, 1545, 387, 387, 3089
3090, 1546, 387, 387, 3089
3091, 1547, 387, 387, 3089
3092, 1548, 387, 387, 3089
3093, 1545, 834, 834, 3089
3094, 1546, 834, 834, 3089
3095, 1547, 834, 834, 3089
3096, 1548, 834, 834, 3089
3097, 1549, 388, 388, 3097
3098, 1550, 388, 388, 3097
3099, 1551, 388, 388, 3097
3100, 1552, 388, 388, 3097
3101, 1549, 835, 835, 3097
3102, 1550, 835, 835, 3097
3103, 1551, 835, 835, 3097
3104, 1552, 835, 835, 3097
3105, 1553, 389, 389, 3105
3106, 1554, 389, 389, 3105
3107, 1555, 389, 389, 3105
3108, 1556, 389, 389, 3105
3109, 1553, 836, 836, 3105
3110, 1554, 836, 836, 3105
3111, 1555, 836, 836, 3105
3112, 1556, 836, 836, 3105
3113, 1557, 390, 390, 3113
3114, 1558, 390, 390, 3113
3115, 1559, 390, 390, 3113
3116, 1560, 390, 390, 3113
3117, 1557, 837, 837, 3113
3118, 1558, 837, 837, 3113
3119, 1559, 837, 837, 3113
3120, 1560, 837, 837, 3113
3121, 1561, 391, 391, 3121
3122, 1562, 391, 391, 3121
3123, 1563, 391, 391, 3121
3124, 1564, 391, 391, 3121
3125, 1561, 838, 838, 3121
3126, 1562, 838, 838, 3121
3127, 1563, 838, 838, 3121
3128, 1564, 838, 838, 3121
3129, 1565, 392, 392, 3129
3130, 1566, 392, 392, 3129
3131, 1567, 392, 392, 3129
3132, 1568, 392, 392, 3129
3133, 1565, 839, 839, 3129
3134, 1566, 839, 839, 3129
3135, 1567, 839, 839, 3129
3136, 1568, 839, 839, 3129
3137, 1569, 393, 393, 3137
3138, 1570, 393, 393, 3137
3139, 1571, 393, 393, 3137
3140, 1572, 393, 393, 3137
3141, 1569, 840, 840, 3137
3142, 1570, 840, 840, 3137
3143, 1571, 840, 840, 3137
3144, 1572, 840, 840, 3137
3145, 1573, 394, 394, 3145
3146, 1574, 394, 394, 3145
3147, 1575, 394, 394, 3145
3148, 1576, 394, 394, 3145
3149, 1573, 841, 841, 3145
3150, 1574, 841, 841, 3145
3151, 1575, 841, 841, 3145
3152, 1576, 841, 841, 3145
3153, 1577, 395, 395, 3153
3154, 1578, 395, 395, 3153
3155, 1579, 395, 395, 3153
3156, 1580, 395, 395, 3153
3157, 1577, 842, 842, 3153
3158, 1578, 842, 842, 3153
3159, 1579, 842, 842, 3153
3160, 1580, 842, 842, 3153
3161, 1581, 396, 396, 3161
3162, 1582, 396, 396, 3161
3163, 1583, 396, 396, 3161
3164, 1584, 396, 396, 3161
3165, 1581, 843, 843, 3161
3166, 1582, 843, 843, 3161
3167, 1583, 843, 843, 3161
3168, 1584, 843, 843, 3161
3169, 1585, 397, 397, 3169
3170, 1586, 397, 397, 3169
3171, 1587, 397, 397, 3169
3172, 1588, 397, 397, 3169
3173, 1585, 844, 844, 3169
3174, 1586, 844, 844, 3169
3175, 1587, 844, 844, 3169
3176, 1588, 844, 844, 3169
3177, 1589, 398, 398, 3177
3178, 1590, 398, 398, 3177
3179, 1591, 398, 398, 3177
3180, 1592, 398, 398, 3177
3181, 1589, 845, 845, 3177
3182, 1590, 845, 845, 3177
3183, 1591, 845, 845, 3177
3184, 1592, 845, 845, 3177
3185, 1593, 399, 399, 3185
3186, 1594, 399, 399, 3185
3187, 1595, 399, 399, 3185
3188, 1596, 399, 399, 3185
3189, 1593, 846, 846, 3185
3190, 1594, 846, 846, 3185
3191, 1595, 846, 846, 3185
3192, 1596, 846, 846, 3185
3193, 1597, 400, 400, 3193
3194, 1598, 400, 400, 3193
3195, 1599, 400, 400, 3193
3196, 1600, 400, 400, 3193
3197, 1597, 847, 847, 3193
3198, 1598, 847, 847, 3193
3199, 1599, 847, 847, 3193
3200, 1600, 847, 847, 3193
3201, 1601, 401, 401, 3201
3202, 1602, 401, 401, 3201
3203, 1603, 401, 401, 3201
3204, 1604, 401, 401, 3201
3205, 1601, 848, 848, 3201
3206, 1602, 848, 848, 3201
3207, 1603, 848, 848, 3201
3208, 1604, 848, 848, 3201
3209, 1605, 402, 402, 3209
3210, 1606, 402, 402, 3209
3211, 1607, 402, 402, 3209
3212, 1608, 402, 402, 3209
3213, 1605, 849, 849, 3209
3214, 1606, 849, 849, 3209
3215, 1607, 849, 849, 3209
3216, 1608, 849, 849, 3209
3217, 1609, 403, 403, 3217
3218, 1610, 403, 403, 3217
3219, 1611, 403, 403, 3217
3220, 1612, 403, 403, 3217
3221, 1609, 850, 850, 3217
3222, 1610, 850, 850, 3217
3223, 1611, 850, 850, 3217
3224, 1612, 850, 850, 3217
3225, 1613, 404, 404, 3225
3226, 1614, 404, 404, 3225
3227, 1615, 404, 404, 3225
3228, 1616, 404, 404, 3225
3229, 1613, 851, 851, 3225
3230, 1614, 851, 851, 3225
3231, 1615, 851, 851, 3225
3232, 1616, 851, 851, 3225
3233, 1617, 405, 405, 3233
3234, 1618, 405, 405, 3233
3235, 1619, 405, 405, 3233
3236, 1620, 405, 405, 3233
3237, 1617, 852, 852, 3233
3238, 1618, 852, 852, 3233
3239, 1619, 852, 852, 3233
3240, 1620, 852, 852, 3233
3241, 1621, 406, 406, 3241
3242, 1622, 406, 406, 3241
3243, 1623, 406, 406, 3241
3244, 1624, 406, 406, 3241
3245, 1621, 853, 853, 3241
3246, 1622, 853, 853, 3241
3247, 1623, 853, 853, 3241
3248, 1624, 853, 853, 3241
3249, 1625, 407, 407, 3249
3250, 1626, 407, 407, 3249
3251, 1627, 407, 407, 3249
3252, 1628, 407, 407, 3249
3253, 1625, 854, 854, 3249
3254, 1626, 854, 854, 3249
3255, 1627, 854, 854, 3249
3256, 1628, 854, 854, 3249
3257, 1629, 408, 408, 3257
3258, 1630, 408, 408, 3257
3259, 1631, 408, 408, 3257
3260, 1632, 408, 408, 3257
3261, 1629, 855, 855, 3257
3262, 1630, 855, 855, 3257
3263, 1631, 855, 855, 3257
3264, 1632, 855, 855, 3257
3265, 1633, 409, 409, 3265
3266, 1634, 409, 409, 3265
3267, 1635, 409, 409, 3265
3268, 1636, 409, 409, 3265
3269, 1633, 856, 856, 3265
3270, 1634, 856, 856, 3265
3271, 1635, 856, 856, 3265
3272, 1636, 856, 856, 3265
3273, 1637, 410, 410, 3273
3274, 1638, 410, 410, 3273
3275, 1639, 410, 410, 3273
3276, 1640, 410, 410, 3273
3277, 1637, 857, 857, 3273
3278, 1638, 857, 857, 3273
3279, 1639, 857, 857, 3273
3280, 1640, 857, 857, 3273
3281, 1641, 411, 411, 3281
3282, 1642, 411, 411, 3281
3283, 1643, 411, 411, 3281
3284, 1644, 411, 411, 3281
3285, 1641, 858, 858, 3281
3286, 1642, 858, 858, 3281
3287, 1643, 858, 858, 3281
3288, 1644, 858, 858, 3281
3289, 1645, 412, 412, 3289
3290, 1646, 412, 412, 3289
3291, 1647, 412, 412, 3289
3292, 1648, 412, 412, 3289
3293, 1645, 859, 859, 3289
3294, 1646, 859, 859, 3289
3295, 1647, 859, 859, 3289
3296, 1648, 859, 859, 3289
3297, 1649, 413, 413, 3297
3298, 1650, 413, 413, 3297
3299, 1651, 413, 413, 3297
3300, 1652, 413, 413, 3297
3301, 1649, 860, 860, 3297
3302, 1650, 860, 860, 3297
3303, 1651, 860, 860, 3297
3304, 1652, 860, 860, 3297
3305, 1653, 414, 414, 3305
3306, 1654, 414, 414, 3305
3307, 1655, 414, 414, 3305
3308, 1656, 414, 414, 3305
3309, 1653, 861, 861, 3305
3310, 1654, 861, 861, 3305
3311, 1655, 861, 861, 3305
3312, 1656, 861, 861, 3305
3313, 1657, 415, 415, 3313
3314, 1658, 415, 415, 3313
3315, 1659, 415, 415, 3313
3316, 1660, 415, 415, 3313
3317, 1657, 862, 862, 3313
3318, 1658, 862, 862, 3313
3319, 1659, 862, 862, 3313
3320, 1660, 862, 862, 3313
3321, 1661, 416, 416, 3321
3322, 1662, 416, 416, 3321
3323, 1663, 416, 416, 3321
3324, 1664, 416, 416, 3321
3325, 1661, 863, 863, 3321
3326, 1662, 863, 863, 3321
3327, 1663, 863, 863, 3321
3328, 1664, 863, 863, 3321
3329, 1665, 417, 417, 3329
3330, 1666, 417, 417, 3329
3331, 1667, 417, 417, 3329
3332, 1668, 417, 417, 3329
3333, 1665, 864, 864, 3329
3334, 1666, 864, 864, 3329
3335, 1667, 864, 864, 3329
3336, 1668, 864, 864, 3329
3337, 1669, 418, 418, 3337
3338, 1670, 418, 418, 3337
3339, 1671, 418, 418, 3337
3340, 1672, 418, 418, 3337
3341, 1669, 865, 865, 3337
3342, 1670, 865, 865, 3337
3343, 1671, 865, 865, 3337
3344, 1672, 865, 865, 3337
3345, 1673, 419, 419, 3345
3346, 1674, 419, 419, 3345
3347, 1675, 419, 419, 3345
3348, 1676, 419, 419, 3345
3349, 1673, 866, 866, 3345
3350, 1674, 866, 866, 3345
3351, 1675, 866, 866, 3345
3352, 1676, 866, 866, 3345
3353, 1677, 420, 420, 3353
3354, 1678, 420, 420, 3353
3355, 1679, 420, 420, 3353
3356, 1680, 420, 420, 3353
3357, 1677, 867, 867, 3353
3358, 1678, 867, 867, 3353
3359, 1679, 867, 867, 3353
3360, 1680, 867, 867, 3353
3361, 1681, 421, 421, 3361
3362, 1682, 421, 421, 3361
3363, 1683, 421, 421, 3361
3364, 1684, 421, 421, 3361
3365, 1681, 868, 868, 3361
3366, 1682, 868, 868, 3361
3367, 1683, 868, 868, 3361
3368, 1684, 868, 868, 3361
3369, 1685, 422, 422, 3369
3370, 1686, 422, 422, 3369
3371, 1687, 422, 422, 3369
3372, 1688, 422, 422, 3369
3373, 1685, 869, 869, 3369
3374, 1686, 869, 869, 3369
3375, 1687, 869, 869, 3369
3376, 1688, 869, 869, 3369
3377, 1689, 423, 423, 3377
3378, 1690, 423, 423, 3377
3379, 1691, 423, 423, 3377
3380, 1692, 423, 423, 3377
3381, 1689, 870, 870, 3377
3382, 1690, 870, 870, 3377
3383, 1691, 870, 870, 3377
3384, 1692, 870, 870, 3377
3385, 1693, 424, 424, 3385
3386, 1694, 424, 424, 3385
3387, 1695, 424, 424, 3385
3388, 1696, 424, 424, 3385
3389, 1693, 871, 871, 3385
3390, 1694, 871, 871, 3385
3391, 1695, 871, 871, 3385
3392, 1696, 871, 871, 3385
3393, 1697, 425, 425, 3393
3394, 1698, 425, 425, 3393
3395, 1699, 425, 425, 3393
3396, 1700, 425, 425, 3393
3397, 1697, 872, 872, 3393
3398, 1698, 872, 872, 3393
3399, 1699, 872, 872, 3393
3400, 1700, 872, 872, 3393
3401, 1701, 426, 426, 3401
3402, 1702, 426, 426, 3401
3403, 1703, 426, 426, 3401
3404, 1704, 426, 426, 3401
3405, 1701, 873, 873, 3401
3406, 1702, 873, 873, 3401
3407, 1703, 873, 873, 3401
3408, 1704, 873, 873, 3401
3409, 1705, 427, 427, 3409
3410, 1706, 427, 427, 3409
3411, 1707, 427, 427, 3409
3412, 1708, 427, 427, 3409
3413, 1705, 874, 874, 3409
3414, 1706, 874, 874, 3409
3415, 1707, 874, 874, 3409
3416, 1708, 874, 874, 3409
3417, 1709, 428, 428, 3417
3418, 1710, 428, 428, 3417
3419, 1711, 428, 428, 3417
3420, 1712, 428, 428, 3417
3421, 1709, 875, 875, 3417
3422, 1710, 875, 875, 3417
3423, 1711, 875, 875, 3417
3424, 1712, 875, 875, 3417
3425, 1713, 429, 429, 3425
3426, 1714, 429, 429, 3425
3427, 1715, 429, 429, 3425
3428, 1716, 429, 429, 3425
3429, 1713, 876, 876, 3425
3430, 1714, 876, 876, 3425
3431, 1715, 876, 876, 3425
3432, 1716, 876, 876, 3425
3433, 1717, 430, 430, 3433
3434, 1718, 430, 430, 3433
3435, 1719, 430, 430, 3433
3436, 1720, 430, 430, 3433
3437, 1717, 877, 877, 3433
3438, 1718, 877, 877, 3433
3439, 1719, 877, 877, 3433
3440, 1720, 877, 877, 3433
3441, 1721, 431, 431, 3441
3442, 1722, 431, 431, 3441
3443, 1723, 431, 431, 3441
3444, 1724, 431, 431, 3441
3445, 1721, 878, 878, 3441
3446, 1722, 878, 878, 3441
3447, 1723, 878, 878, 3441
3448, 1724, 878, 878, 3441
3449, 1725, 432, 432, 3449
3450, 1726, 432, 432, 3449
3451, 1727, 432, 432, 3449
3452, 1728, 432, 432, 3449
3453, 1725, 879, 879, 3449
3454, 1726, 879, 879, 3449
3455, 1727, 879, 879, 3449
3456, 1728, 879, 879, 3449
3457, 1729, 433, 433, 3457
3458, 1730, 433, 433, 3457
3459, 1731, 433, 433, 3457
3460, 1732, 433, 433, 3457
3461, 1729, 880, 880, 3457
3462, 1730, 880, 880, 3457
3463, 1731, 880, 880, 3457
3464, 1732, 880, 880, 3457
3465, 1733, 434, 434, 3465
3466, 1734, 434, 434, 3465
3467, 1735, 434, 434, 3465
3468, 1736, 434, 434, 3465
3469, 1733, 881, 881, 3465
3470, 1734, 881, 881, 3465
3471, 1735, 881, 881, 3465
3472, 1736, 881, 881, 3465
3473, 1737, 435, 435, 3473
3474, 1738, 435, 435, 3473
3475, 1739, 435, 435, 3473
3476, 1740, 435, 435, 3473
3477, 1737, 882, 882, 3473
3478, 1738, 882, 882, 3473
3479, 1739, 882, 882, 3473
3480, 1740, 882, 882, 3473
3481, 1741, 436, 436, 3481
3482, 1742, 436, 436, 3481
3483, 1743, 436, 436, 3481
3484, 1744, 436, 436, 3481
3485, 1741, 883, 883, 3481
3486, 1742, 883, 883, 3481
3487, 1743, 883, 883, 3481
3488, 1744, 883, 883, 3481
3489, 1745, 437, 437, 3489
3490, 1746, 437, 437, 3489
3491, 1747, 437, 437, 3489
3492, 1748, 437, 437, 3489
3493, 1745, 884, 884, 3489
3494, 1746, 884, 884, 3489
3495, 1747, 884, 884, 3489
3496, 1748, 884, 884, 3489
3497, 1749, 438, 438, 3497
3498, 1750, 438, 438, 3497
3499, 1751, 438, 438, 3497
3500, 1752, 438, 438, 3497
3501, 1749, 885, 885, 3497
3502, 1750, 885, 885, 3497
3503, 1751, 885, 885, 3497
3504, 1752, 885, 885, 3497
3505, 1753, 439, 439, 3505
3506, 1754, 439, 439, 3505
3507, 1755, 439, 439, 3505
3508, 1756, 439, 439, 3505
3509, 1753, 886, 886, 3505
3510, 1754, 886, 886, 3505
3511, 1755, 886, 886, 3505
3512, 1756, 886, 886, 3505
3513, 1757, 440, 440, 3513
3514, 1758, 440, 440, 3513
3515, 1759, 440, 440, 3513
3516, 1760, 440, 440, 3513
3517, 1757, 887, 887, 3513
3518, 1758, 887, 887, 3513
3519, 1759, 887, 887, 3513
3520, 1760, 887, 887, 3513
3521, 1761, 441, 441, 3521
3522, 1762, 441, 441, 3521
3523, 1763, 441, 441, 3521
3524, 1764, 441, 441, 3521
3525, 1761, 888, 888, 3521
3526, 1762, 888, 888, 3521
3527, 1763, 888, 888, 3521
3528, 1764, 888, 888, 3521
3529, 1765, 442, 442, 3529
3530, 1766, 442, 442, 3529
3531, 1767, 442, 442, 3529
3532, 1768, 442, 442, 3529
3533, 1765, 889, 889, 3529
3534, 1766, 889, 889, 3529
3535, 1767, 889, 889, 3529
3536, 1768, 889, 889, 3529
3537, 1769, 443, 443, 3537
3538, 1770, 443, 443, 3537
3539, 1771, 443, 443, 3537
3540, 1772, 443, 443, 3537
3541, 1769, 890, 890, 3537
3542, 1770, 890, 890, 3537
3543, 1771, 890, 890, 3537
3544, 1772, 890, 890, 3537
3545, 1773, 444, 444, 3545
3546, 1774, 444, 444, 3545
3547, 1775, 444, 444, 3545
3548, 1776, 444, 444, 3545
3549, 1773, 891, 891, 3545
3550, 1774, 891, 891, 3545
3551, 1775, 891, 891, 3545
3552, 1776, 891, 891, 3545
3553, 1777, 445, 445, 3553
3554, 1778, 445, 445, 3553
3555, 1779, 445, 445, 3553
3556, 1780, 445, 445, 3553
3557, 1777, 892, 892, 3553
3558, 1778, 892, 892, 3553
3559, 1779, 892, 892, 3553
3560, 1780, 892, 892, 3553
3561, 1781, 446, 446, 3561
3562, 1782, 446, 446, 3561
3563, 1783, 446, 446, 3561
3564, 1784, 446, 446, 3561
3565, 1781, 893, 893, 3561
3566, 1782, 893, 893, 3561
3567, 1783, 893, 893, 3561
3568, 1784, 893, 893, 3561
3569, 1785, 447, 447, 3569
3570, 1786, 447, 447, 3569
3571, 1787, 447, 447, 3569
3572, 1788, 447, 447, 3569
3573, 1785, 894, 894, 3569
3574, 1786, 894, 894, 3569
3575, 1787, 894, 894, 3569
3576, 1788, 894, 894, 3569
