coverage_id,summary_id, summaryset_id
1,1,1
2,1,1
3,1,1
4,1,1
5,1,1
6,1,1
7,1,1
8,1,1
9,1,1
10,1,1
11,1,1
12,1,1
13,1,1
14,1,1
15,1,1
16,1,1
17,1,1
18,1,1
19,1,1
20,1,1
21,1,1
22,1,1
23,1,1
24,1,1
25,1,1
26,1,1
27,1,1
28,1,1
29,1,1
30,1,1
31,1,1
32,1,1
33,1,1
34,1,1
35,1,1
36,1,1
37,1,1
38,1,1
39,1,1
40,1,1
41,1,1
42,1,1
43,1,1
44,1,1
45,1,1
46,1,1
47,1,1
48,1,1
49,1,1
50,1,1
51,1,1
52,1,1
53,1,1
54,1,1
55,1,1
56,1,1
57,1,1
58,1,1
59,1,1
60,1,1
61,1,1
62,1,1
63,1,1
64,1,1
65,1,1
66,1,1
67,1,1
68,1,1
69,1,1
70,1,1
71,1,1
72,1,1
73,1,1
74,1,1
75,1,1
76,1,1
77,1,1
78,1,1
79,1,1
80,1,1
81,1,1
82,1,1
83,1,1
84,1,1
85,1,1
86,1,1
87,1,1
88,1,1
89,1,1
90,1,1
91,1,1
92,1,1
93,1,1
94,1,1
95,1,1
96,1,1
97,1,1
98,1,1
99,1,1
100,1,1
101,1,1
102,1,1
103,1,1
104,1,1
105,1,1
106,1,1
107,1,1
108,1,1
109,1,1
110,1,1
111,1,1
112,1,1
113,1,1
114,1,1
115,1,1
116,1,1
117,1,1
118,1,1
119,1,1
120,1,1
121,1,1
122,1,1
123,1,1
124,1,1
125,1,1
126,1,1
127,1,1
128,1,1
129,1,1
130,1,1
131,1,1
132,1,1
133,1,1
134,1,1
135,1,1
136,1,1
137,1,1
138,1,1
139,1,1
140,1,1
141,1,1
142,1,1
143,1,1
144,1,1
145,1,1
146,1,1
147,1,1
148,1,1
149,1,1
150,1,1
151,1,1
152,1,1
153,1,1
154,1,1
155,1,1
156,1,1
157,1,1
158,1,1
159,1,1
160,1,1
161,1,1
162,1,1
163,1,1
164,1,1
165,1,1
166,1,1
167,1,1
168,1,1
169,1,1
170,1,1
171,1,1
172,1,1
173,1,1
174,1,1
175,1,1
176,1,1
177,1,1
178,1,1
179,1,1
180,1,1
181,1,1
182,1,1
183,1,1
184,1,1
185,1,1
186,1,1
187,1,1
188,1,1
189,1,1
190,1,1
191,1,1
192,1,1
193,1,1
194,1,1
195,1,1
196,1,1
197,1,1
198,1,1
199,1,1
200,1,1
201,1,1
202,1,1
203,1,1
204,1,1
205,1,1
206,1,1
207,1,1
208,1,1
209,1,1
210,1,1
211,1,1
212,1,1
213,1,1
214,1,1
215,1,1
216,1,1
217,1,1
218,1,1
219,1,1
220,1,1
221,1,1
222,1,1
223,1,1
224,1,1
225,1,1
226,1,1
227,1,1
228,1,1
229,1,1
230,1,1
231,1,1
232,1,1
233,1,1
234,1,1
235,1,1
236,1,1
237,1,1
238,1,1
239,1,1
240,1,1
241,1,1
242,1,1
243,1,1
244,1,1
245,1,1
246,1,1
247,1,1
248,1,1
249,1,1
250,1,1
251,1,1
252,1,1
253,1,1
254,1,1
255,1,1
256,1,1
257,1,1
258,1,1
259,1,1
260,1,1
261,1,1
262,1,1
263,1,1
264,1,1
265,1,1
266,1,1
267,1,1
268,1,1
269,1,1
270,1,1
271,1,1
272,1,1
273,1,1
274,1,1
275,1,1
276,1,1
277,1,1
278,1,1
279,1,1
280,1,1
281,1,1
282,1,1
283,1,1
284,1,1
285,1,1
286,1,1
287,1,1
288,1,1
289,1,1
290,1,1
291,1,1
292,1,1
293,1,1
294,1,1
295,1,1
296,1,1
297,1,1
298,1,1
299,1,1
300,1,1
301,1,1
302,1,1
303,1,1
304,1,1
305,1,1
306,1,1
307,1,1
308,1,1
309,1,1
310,1,1
311,1,1
312,1,1
313,1,1
314,1,1
315,1,1
316,1,1
317,1,1
318,1,1
319,1,1
320,1,1
321,1,1
322,1,1
323,1,1
324,1,1
325,1,1
326,1,1
327,1,1
328,1,1
329,1,1
330,1,1
331,1,1
332,1,1
333,1,1
334,1,1
335,1,1
336,1,1
337,1,1
338,1,1
339,1,1
340,1,1
341,1,1
342,1,1
343,1,1
344,1,1
345,1,1
346,1,1
347,1,1
348,1,1
349,1,1
350,1,1
351,1,1
352,1,1
353,1,1
354,1,1
355,1,1
356,1,1
357,1,1
358,1,1
359,1,1
360,1,1
361,1,1
362,1,1
363,1,1
364,1,1
365,1,1
366,1,1
367,1,1
368,1,1
369,1,1
370,1,1
371,1,1
372,1,1
373,1,1
374,1,1
375,1,1
376,1,1
377,1,1
378,1,1
379,1,1
380,1,1
381,1,1
382,1,1
383,1,1
384,1,1
385,1,1
386,1,1
387,1,1
388,1,1
389,1,1
390,1,1
391,1,1
392,1,1
393,1,1
394,1,1
395,1,1
396,1,1
397,1,1
398,1,1
399,1,1
400,1,1
401,1,1
402,1,1
403,1,1
404,1,1
405,1,1
406,1,1
407,1,1
408,1,1
409,1,1
410,1,1
411,1,1
412,1,1
413,1,1
414,1,1
415,1,1
416,1,1
417,1,1
418,1,1
419,1,1
420,1,1
421,1,1
422,1,1
423,1,1
424,1,1
425,1,1
426,1,1
427,1,1
428,1,1
429,1,1
430,1,1
431,1,1
432,1,1
433,1,1
434,1,1
435,1,1
436,1,1
437,1,1
438,1,1
439,1,1
440,1,1
441,1,1
442,1,1
443,1,1
444,1,1
445,1,1
446,1,1
447,1,1
448,1,1
449,1,1
450,1,1
451,1,1
452,1,1
453,1,1
454,1,1
455,1,1
456,1,1
457,1,1
458,1,1
459,1,1
460,1,1
461,1,1
462,1,1
463,1,1
464,1,1
465,1,1
466,1,1
467,1,1
468,1,1
469,1,1
470,1,1
471,1,1
472,1,1
473,1,1
474,1,1
475,1,1
476,1,1
477,1,1
478,1,1
479,1,1
480,1,1
481,1,1
482,1,1
483,1,1
484,1,1
485,1,1
486,1,1
487,1,1
488,1,1
489,1,1
490,1,1
491,1,1
492,1,1
493,1,1
494,1,1
495,1,1
496,1,1
497,1,1
498,1,1
499,1,1
500,1,1
501,1,1
502,1,1
503,1,1
504,1,1
505,1,1
506,1,1
507,1,1
508,1,1
509,1,1
510,1,1
511,1,1
512,1,1
513,1,1
514,1,1
515,1,1
516,1,1
517,1,1
518,1,1
519,1,1
520,1,1
521,1,1
522,1,1
523,1,1
524,1,1
525,1,1
526,1,1
527,1,1
528,1,1
529,1,1
530,1,1
531,1,1
532,1,1
533,1,1
534,1,1
535,1,1
536,1,1
537,1,1
538,1,1
539,1,1
540,1,1
541,1,1
542,1,1
543,1,1
544,1,1
545,1,1
546,1,1
547,1,1
548,1,1
549,1,1
550,1,1
551,1,1
552,1,1
553,1,1
554,1,1
555,1,1
556,1,1
557,1,1
558,1,1
559,1,1
560,1,1
561,1,1
562,1,1
563,1,1
564,1,1
565,1,1
566,1,1
567,1,1
568,1,1
569,1,1
570,1,1
571,1,1
572,1,1
573,1,1
574,1,1
575,1,1
576,1,1
577,1,1
578,1,1
579,1,1
580,1,1
581,1,1
582,1,1
583,1,1
584,1,1
585,1,1
586,1,1
587,1,1
588,1,1
589,1,1
590,1,1
591,1,1
592,1,1
593,1,1
594,1,1
595,1,1
596,1,1
597,1,1
598,1,1
599,1,1
600,1,1
601,1,1
602,1,1
603,1,1
604,1,1
605,1,1
606,1,1
607,1,1
608,1,1
609,1,1
610,1,1
611,1,1
612,1,1
613,1,1
614,1,1
615,1,1
616,1,1
617,1,1
618,1,1
619,1,1
620,1,1
621,1,1
622,1,1
623,1,1
624,1,1
625,1,1
626,1,1
627,1,1
628,1,1
629,1,1
630,1,1
631,1,1
632,1,1
633,1,1
634,1,1
635,1,1
636,1,1
637,1,1
638,1,1
639,1,1
640,1,1
641,1,1
642,1,1
643,1,1
644,1,1
645,1,1
646,1,1
647,1,1
648,1,1
649,1,1
650,1,1
651,1,1
652,1,1
653,1,1
654,1,1
655,1,1
656,1,1
657,1,1
658,1,1
659,1,1
660,1,1
661,1,1
662,1,1
663,1,1
664,1,1
665,1,1
666,1,1
667,1,1
668,1,1
669,1,1
670,1,1
671,1,1
672,1,1
673,1,1
674,1,1
675,1,1
676,1,1
677,1,1
678,1,1
679,1,1
680,1,1
681,1,1
682,1,1
683,1,1
684,1,1
685,1,1
686,1,1
687,1,1
688,1,1
689,1,1
690,1,1
691,1,1
692,1,1
693,1,1
694,1,1
695,1,1
696,1,1
697,1,1
698,1,1
699,1,1
700,1,1
701,1,1
702,1,1
703,1,1
704,1,1
705,1,1
706,1,1
707,1,1
708,1,1
709,1,1
710,1,1
711,1,1
712,1,1
713,1,1
714,1,1
715,1,1
716,1,1
717,1,1
718,1,1
719,1,1
720,1,1
721,1,1
722,1,1
723,1,1
724,1,1
725,1,1
726,1,1
727,1,1
728,1,1
729,1,1
730,1,1
731,1,1
732,1,1
733,1,1
734,1,1
735,1,1
736,1,1
737,1,1
738,1,1
739,1,1
740,1,1
741,1,1
742,1,1
743,1,1
744,1,1
745,1,1
746,1,1
747,1,1
748,1,1
749,1,1
750,1,1
751,1,1
752,1,1
753,1,1
754,1,1
755,1,1
756,1,1
757,1,1
758,1,1
759,1,1
760,1,1
761,1,1
762,1,1
763,1,1
764,1,1
765,1,1
766,1,1
767,1,1
768,1,1
769,1,1
770,1,1
771,1,1
772,1,1
773,1,1
774,1,1
775,1,1
776,1,1
777,1,1
778,1,1
779,1,1
780,1,1
781,1,1
782,1,1
783,1,1
784,1,1
785,1,1
786,1,1
787,1,1
788,1,1
789,1,1
790,1,1
791,1,1
792,1,1
793,1,1
794,1,1
795,1,1
796,1,1
797,1,1
798,1,1
799,1,1
800,1,1
801,1,1
802,1,1
803,1,1
804,1,1
805,1,1
806,1,1
807,1,1
808,1,1
809,1,1
810,1,1
811,1,1
812,1,1
813,1,1
814,1,1
815,1,1
816,1,1
817,1,1
818,1,1
819,1,1
820,1,1
821,1,1
822,1,1
823,1,1
824,1,1
825,1,1
826,1,1
827,1,1
828,1,1
829,1,1
830,1,1
831,1,1
832,1,1
833,1,1
834,1,1
835,1,1
836,1,1
837,1,1
838,1,1
839,1,1
840,1,1
841,1,1
842,1,1
843,1,1
844,1,1
845,1,1
846,1,1
847,1,1
848,1,1
849,1,1
850,1,1
851,1,1
852,1,1
853,1,1
854,1,1
855,1,1
856,1,1
857,1,1
858,1,1
859,1,1
860,1,1
861,1,1
862,1,1
863,1,1
864,1,1
865,1,1
866,1,1
867,1,1
868,1,1
869,1,1
870,1,1
871,1,1
872,1,1
873,1,1
874,1,1
875,1,1
876,1,1
877,1,1
878,1,1
879,1,1
880,1,1
881,1,1
882,1,1
883,1,1
884,1,1
885,1,1
886,1,1
887,1,1
888,1,1
889,1,1
890,1,1
891,1,1
892,1,1
893,1,1
894,1,1
895,1,1
896,1,1
897,1,1
898,1,1
899,1,1
900,1,1
901,1,1
902,1,1
903,1,1
904,1,1
905,1,1
906,1,1
907,1,1
908,1,1
909,1,1
910,1,1
911,1,1
912,1,1
913,1,1
914,1,1
915,1,1
916,1,1
917,1,1
918,1,1
919,1,1
920,1,1
921,1,1
922,1,1
923,1,1
924,1,1
925,1,1
926,1,1
927,1,1
928,1,1
929,1,1
930,1,1
931,1,1
932,1,1
933,1,1
934,1,1
935,1,1
936,1,1
937,1,1
938,1,1
939,1,1
940,1,1
941,1,1
942,1,1
943,1,1
944,1,1
945,1,1
946,1,1
947,1,1
948,1,1
949,1,1
950,1,1
951,1,1
952,1,1
953,1,1
954,1,1
955,1,1
956,1,1
957,1,1
958,1,1
959,1,1
960,1,1
961,1,1
962,1,1
963,1,1
964,1,1
965,1,1
966,1,1
967,1,1
968,1,1
969,1,1
970,1,1
971,1,1
972,1,1
973,1,1
974,1,1
975,1,1
976,1,1
977,1,1
978,1,1
979,1,1
980,1,1
981,1,1
982,1,1
983,1,1
984,1,1
985,1,1
986,1,1
987,1,1
988,1,1
989,1,1
990,1,1
991,1,1
992,1,1
993,1,1
994,1,1
995,1,1
996,1,1
997,1,1
998,1,1
999,1,1
1000,1,1
1001,1,1
1002,1,1
1003,1,1
1004,1,1
1005,1,1
1006,1,1
1007,1,1
1008,1,1
1009,1,1
1010,1,1
1011,1,1
1012,1,1
1013,1,1
1014,1,1
1015,1,1
1016,1,1
1017,1,1
1018,1,1
1019,1,1
1020,1,1
1021,1,1
1022,1,1
1023,1,1
1024,1,1
1025,1,1
1026,1,1
1027,1,1
1028,1,1
1029,1,1
1030,1,1
1031,1,1
1032,1,1
1033,1,1
1034,1,1
1035,1,1
1036,1,1
1037,1,1
1038,1,1
1039,1,1
1040,1,1
1041,1,1
1042,1,1
1043,1,1
1044,1,1
1045,1,1
1046,1,1
1047,1,1
1048,1,1
1049,1,1
1050,1,1
1051,1,1
1052,1,1
1053,1,1
1054,1,1
1055,1,1
1056,1,1
1057,1,1
1058,1,1
1059,1,1
1060,1,1
1061,1,1
1062,1,1
1063,1,1
1064,1,1
1065,1,1
1066,1,1
1067,1,1
1068,1,1
1069,1,1
1070,1,1
1071,1,1
1072,1,1
1073,1,1
1074,1,1
1075,1,1
1076,1,1
1077,1,1
1078,1,1
1079,1,1
1080,1,1
1081,1,1
1082,1,1
1083,1,1
1084,1,1
1085,1,1
1086,1,1
1087,1,1
1088,1,1
1089,1,1
1090,1,1
1091,1,1
1092,1,1
1093,1,1
1094,1,1
1095,1,1
1096,1,1
1097,1,1
1098,1,1
1099,1,1
1100,1,1
1101,1,1
1102,1,1
1103,1,1
1104,1,1
1105,1,1
1106,1,1
1107,1,1
1108,1,1
1109,1,1
1110,1,1
1111,1,1
1112,1,1
1113,1,1
1114,1,1
1115,1,1
1116,1,1
1117,1,1
1118,1,1
1119,1,1
1120,1,1
1121,1,1
1122,1,1
1123,1,1
1124,1,1
1125,1,1
1126,1,1
1127,1,1
1128,1,1
1129,1,1
1130,1,1
1131,1,1
1132,1,1
1133,1,1
1134,1,1
1135,1,1
1136,1,1
1137,1,1
1138,1,1
1139,1,1
1140,1,1
1141,1,1
1142,1,1
1143,1,1
1144,1,1
1145,1,1
1146,1,1
1147,1,1
1148,1,1
1149,1,1
1150,1,1
1151,1,1
1152,1,1
1153,1,1
1154,1,1
1155,1,1
1156,1,1
1157,1,1
1158,1,1
1159,1,1
1160,1,1
1161,1,1
1162,1,1
1163,1,1
1164,1,1
1165,1,1
1166,1,1
1167,1,1
1168,1,1
1169,1,1
1170,1,1
1171,1,1
1172,1,1
1173,1,1
1174,1,1
1175,1,1
1176,1,1
1177,1,1
1178,1,1
1179,1,1
1180,1,1
1181,1,1
1182,1,1
1183,1,1
1184,1,1
1185,1,1
1186,1,1
1187,1,1
1188,1,1
1189,1,1
1190,1,1
1191,1,1
1192,1,1
1193,1,1
1194,1,1
1195,1,1
1196,1,1
1197,1,1
1198,1,1
1199,1,1
1200,1,1
1201,1,1
1202,1,1
1203,1,1
1204,1,1
1205,1,1
1206,1,1
1207,1,1
1208,1,1
1209,1,1
1210,1,1
1211,1,1
1212,1,1
1213,1,1
1214,1,1
1215,1,1
1216,1,1
1217,1,1
1218,1,1
1219,1,1
1220,1,1
1221,1,1
1222,1,1
1223,1,1
1224,1,1
1225,1,1
1226,1,1
1227,1,1
1228,1,1
1229,1,1
1230,1,1
1231,1,1
1232,1,1
1233,1,1
1234,1,1
1235,1,1
1236,1,1
1237,1,1
1238,1,1
1239,1,1
1240,1,1
1241,1,1
1242,1,1
1243,1,1
1244,1,1
1245,1,1
1246,1,1
1247,1,1
1248,1,1
1249,1,1
1250,1,1
1251,1,1
1252,1,1
1253,1,1
1254,1,1
1255,1,1
1256,1,1
1257,1,1
1258,1,1
1259,1,1
1260,1,1
1261,1,1
1262,1,1
1263,1,1
1264,1,1
1265,1,1
1266,1,1
1267,1,1
1268,1,1
1269,1,1
1270,1,1
1271,1,1
1272,1,1
1273,1,1
1274,1,1
1275,1,1
1276,1,1
1277,1,1
1278,1,1
1279,1,1
1280,1,1
1281,1,1
1282,1,1
1283,1,1
1284,1,1
1285,1,1
1286,1,1
1287,1,1
1288,1,1
1289,1,1
1290,1,1
1291,1,1
1292,1,1
1293,1,1
1294,1,1
1295,1,1
1296,1,1
1297,1,1
1298,1,1
1299,1,1
1300,1,1
1301,1,1
1302,1,1
1303,1,1
1304,1,1
1305,1,1
1306,1,1
1307,1,1
1308,1,1
1309,1,1
1310,1,1
1311,1,1
1312,1,1
1313,1,1
1314,1,1
1315,1,1
1316,1,1
1317,1,1
1318,1,1
1319,1,1
1320,1,1
1321,1,1
1322,1,1
1323,1,1
1324,1,1
1325,1,1
1326,1,1
1327,1,1
1328,1,1
1329,1,1
1330,1,1
1331,1,1
1332,1,1
1333,1,1
1334,1,1
1335,1,1
1336,1,1
1337,1,1
1338,1,1
1339,1,1
1340,1,1
1341,1,1
1342,1,1
1343,1,1
1344,1,1
1345,1,1
1346,1,1
1347,1,1
1348,1,1
1349,1,1
1350,1,1
1351,1,1
1352,1,1
1353,1,1
1354,1,1
1355,1,1
1356,1,1
1357,1,1
1358,1,1
1359,1,1
1360,1,1
1361,1,1
1362,1,1
1363,1,1
1364,1,1
1365,1,1
1366,1,1
1367,1,1
1368,1,1
1369,1,1
1370,1,1
1371,1,1
1372,1,1
1373,1,1
1374,1,1
1375,1,1
1376,1,1
1377,1,1
1378,1,1
1379,1,1
1380,1,1
1381,1,1
1382,1,1
1383,1,1
1384,1,1
1385,1,1
1386,1,1
1387,1,1
1388,1,1
1389,1,1
1390,1,1
1391,1,1
1392,1,1
1393,1,1
1394,1,1
1395,1,1
1396,1,1
1397,1,1
1398,1,1
1399,1,1
1400,1,1
1401,1,1
1402,1,1
1403,1,1
1404,1,1
1405,1,1
1406,1,1
1407,1,1
1408,1,1
1409,1,1
1410,1,1
1411,1,1
1412,1,1
1413,1,1
1414,1,1
1415,1,1
1416,1,1
1417,1,1
1418,1,1
1419,1,1
1420,1,1
1421,1,1
1422,1,1
1423,1,1
1424,1,1
1425,1,1
1426,1,1
1427,1,1
1428,1,1
1429,1,1
1430,1,1
1431,1,1
1432,1,1
1433,1,1
1434,1,1
1435,1,1
1436,1,1
1437,1,1
1438,1,1
1439,1,1
1440,1,1
1441,1,1
1442,1,1
1443,1,1
1444,1,1
1445,1,1
1446,1,1
1447,1,1
1448,1,1
1449,1,1
1450,1,1
1451,1,1
1452,1,1
1453,1,1
1454,1,1
1455,1,1
1456,1,1
1457,1,1
1458,1,1
1459,1,1
1460,1,1
1461,1,1
1462,1,1
1463,1,1
1464,1,1
1465,1,1
1466,1,1
1467,1,1
1468,1,1
1469,1,1
1470,1,1
1471,1,1
1472,1,1
1473,1,1
1474,1,1
1475,1,1
1476,1,1
1477,1,1
1478,1,1
1479,1,1
1480,1,1
1481,1,1
1482,1,1
1483,1,1
1484,1,1
1485,1,1
1486,1,1
1487,1,1
1488,1,1
1489,1,1
1490,1,1
1491,1,1
1492,1,1
1493,1,1
1494,1,1
1495,1,1
1496,1,1
1497,1,1
1498,1,1
1499,1,1
1500,1,1
1501,1,1
1502,1,1
1503,1,1
1504,1,1
1505,1,1
1506,1,1
1507,1,1
1508,1,1
1509,1,1
1510,1,1
1511,1,1
1512,1,1
1513,1,1
1514,1,1
1515,1,1
1516,1,1
1517,1,1
1518,1,1
1519,1,1
1520,1,1
1521,1,1
1522,1,1
1523,1,1
1524,1,1
1525,1,1
1526,1,1
1527,1,1
1528,1,1
1529,1,1
1530,1,1
1531,1,1
1532,1,1
1533,1,1
1534,1,1
1535,1,1
1536,1,1
1537,1,1
1538,1,1
1539,1,1
1540,1,1
1541,1,1
1542,1,1
1543,1,1
1544,1,1
1545,1,1
1546,1,1
1547,1,1
1548,1,1
1549,1,1
1550,1,1
1551,1,1
1552,1,1
1553,1,1
1554,1,1
1555,1,1
1556,1,1
1557,1,1
1558,1,1
1559,1,1
1560,1,1
1561,1,1
1562,1,1
1563,1,1
1564,1,1
1565,1,1
1566,1,1
1567,1,1
1568,1,1
1569,1,1
1570,1,1
1571,1,1
1572,1,1
1573,1,1
1574,1,1
1575,1,1
1576,1,1
1577,1,1
1578,1,1
1579,1,1
1580,1,1
1581,1,1
1582,1,1
1583,1,1
1584,1,1
1585,1,1
1586,1,1
1587,1,1
1588,1,1
1589,1,1
1590,1,1
1591,1,1
1592,1,1
1593,1,1
1594,1,1
1595,1,1
1596,1,1
1597,1,1
1598,1,1
1599,1,1
1600,1,1
1601,1,1
1602,1,1
1603,1,1
1604,1,1
1605,1,1
1606,1,1
1607,1,1
1608,1,1
1609,1,1
1610,1,1
1611,1,1
1612,1,1
1613,1,1
1614,1,1
1615,1,1
1616,1,1
1617,1,1
1618,1,1
1619,1,1
1620,1,1
1621,1,1
1622,1,1
1623,1,1
1624,1,1
1625,1,1
1626,1,1
1627,1,1
1628,1,1
1629,1,1
1630,1,1
1631,1,1
1632,1,1
1633,1,1
1634,1,1
1635,1,1
1636,1,1
1637,1,1
1638,1,1
1639,1,1
1640,1,1
1641,1,1
1642,1,1
1643,1,1
1644,1,1
1645,1,1
1646,1,1
1647,1,1
1648,1,1
1649,1,1
1650,1,1
1651,1,1
1652,1,1
1653,1,1
1654,1,1
1655,1,1
1656,1,1
1657,1,1
1658,1,1
1659,1,1
1660,1,1
1661,1,1
1662,1,1
1663,1,1
1664,1,1
1665,1,1
1666,1,1
1667,1,1
1668,1,1
1669,1,1
1670,1,1
1671,1,1
1672,1,1
1673,1,1
1674,1,1
1675,1,1
1676,1,1
1677,1,1
1678,1,1
1679,1,1
1680,1,1
1681,1,1
1682,1,1
1683,1,1
1684,1,1
1685,1,1
1686,1,1
1687,1,1
1688,1,1
1689,1,1
1690,1,1
1691,1,1
1692,1,1
1693,1,1
1694,1,1
1695,1,1
1696,1,1
1697,1,1
1698,1,1
1699,1,1
1700,1,1
1701,1,1
1702,1,1
1703,1,1
1704,1,1
1705,1,1
1706,1,1
1707,1,1
1708,1,1
1709,1,1
1710,1,1
1711,1,1
1712,1,1
1713,1,1
1714,1,1
1715,1,1
1716,1,1
1717,1,1
1718,1,1
1719,1,1
1720,1,1
1721,1,1
1722,1,1
1723,1,1
1724,1,1
1725,1,1
1726,1,1
1727,1,1
1728,1,1
1729,1,1
1730,1,1
1731,1,1
1732,1,1
1733,1,1
1734,1,1
1735,1,1
1736,1,1
1737,1,1
1738,1,1
1739,1,1
1740,1,1
1741,1,1
1742,1,1
1743,1,1
1744,1,1
1745,1,1
1746,1,1
1747,1,1
1748,1,1
1749,1,1
1750,1,1
1751,1,1
1752,1,1
1753,1,1
1754,1,1
1755,1,1
1756,1,1
1757,1,1
1758,1,1
1759,1,1
1760,1,1
1761,1,1
1762,1,1
1763,1,1
1764,1,1
1765,1,1
1766,1,1
1767,1,1
1768,1,1
1769,1,1
1770,1,1
1771,1,1
1772,1,1
1773,1,1
1774,1,1
1775,1,1
1776,1,1
1777,1,1
1778,1,1
1779,1,1
1780,1,1
1781,1,1
1782,1,1
1783,1,1
1784,1,1
1785,1,1
1786,1,1
1787,1,1
1788,1,1
1,3,2
2,3,2
3,3,2
4,3,2
5,3,2
6,3,2
7,3,2
8,3,2
9,3,2
10,3,2
11,3,2
12,3,2
13,3,2
14,3,2
15,3,2
16,3,2
17,3,2
18,3,2
19,3,2
20,3,2
21,3,2
22,3,2
23,3,2
24,3,2
25,3,2
26,3,2
27,3,2
28,3,2
29,3,2
30,3,2
31,3,2
32,3,2
33,3,2
34,3,2
35,3,2
36,3,2
37,4,2
38,4,2
39,4,2
40,4,2
41,4,2
42,4,2
43,4,2
44,4,2
45,4,2
46,4,2
47,4,2
48,4,2
49,4,2
50,4,2
51,4,2
52,4,2
53,4,2
54,4,2
55,4,2
56,4,2
57,4,2
58,4,2
59,4,2
60,4,2
61,4,2
62,4,2
63,4,2
64,4,2
65,4,2
66,4,2
67,4,2
68,4,2
69,4,2
70,4,2
71,4,2
72,4,2
73,4,2
74,4,2
75,4,2
76,4,2
77,4,2
78,4,2
79,4,2
80,4,2
81,4,2
82,4,2
83,4,2
84,4,2
85,4,2
86,4,2
87,4,2
88,4,2
89,4,2
90,4,2
91,4,2
92,4,2
93,4,2
94,4,2
95,4,2
96,4,2
97,4,2
98,4,2
99,4,2
100,4,2
101,4,2
102,4,2
103,4,2
104,4,2
105,4,2
106,4,2
107,4,2
108,4,2
109,4,2
110,4,2
111,4,2
112,4,2
113,4,2
114,4,2
115,4,2
116,4,2
117,4,2
118,4,2
119,4,2
120,4,2
121,4,2
122,4,2
123,4,2
124,4,2
125,4,2
126,4,2
127,4,2
128,4,2
129,4,2
130,4,2
131,4,2
132,4,2
133,4,2
134,4,2
135,4,2
136,4,2
137,4,2
138,4,2
139,4,2
140,4,2
141,4,2
142,4,2
143,4,2
144,4,2
145,4,2
146,4,2
147,4,2
148,4,2
149,4,2
150,4,2
151,4,2
152,4,2
153,4,2
154,4,2
155,4,2
156,4,2
157,4,2
158,4,2
159,4,2
160,4,2
161,4,2
162,4,2
163,4,2
164,4,2
165,4,2
166,4,2
167,4,2
168,4,2
169,4,2
170,4,2
171,4,2
172,4,2
173,4,2
174,4,2
175,4,2
176,4,2
177,4,2
178,4,2
179,4,2
180,4,2
181,4,2
182,4,2
183,4,2
184,4,2
185,4,2
186,4,2
187,4,2
188,4,2
189,4,2
190,4,2
191,4,2
192,4,2
193,4,2
194,4,2
195,4,2
196,4,2
197,4,2
198,4,2
199,4,2
200,4,2
201,4,2
202,4,2
203,4,2
204,4,2
205,4,2
206,4,2
207,4,2
208,4,2
209,4,2
210,4,2
211,4,2
212,4,2
213,4,2
214,4,2
215,4,2
216,4,2
217,4,2
218,4,2
219,4,2
220,4,2
221,4,2
222,4,2
223,4,2
224,4,2
225,4,2
226,4,2
227,4,2
228,4,2
229,4,2
230,4,2
231,4,2
232,4,2
233,4,2
234,4,2
235,4,2
236,4,2
237,4,2
238,4,2
239,4,2
240,4,2
241,4,2
242,4,2
243,4,2
244,4,2
245,4,2
246,4,2
247,4,2
248,4,2
249,4,2
250,4,2
251,4,2
252,4,2
253,4,2
254,4,2
255,4,2
256,4,2
257,4,2
258,4,2
259,4,2
260,4,2
261,4,2
262,4,2
263,4,2
264,4,2
265,4,2
266,4,2
267,4,2
268,4,2
269,4,2
270,4,2
271,4,2
272,4,2
273,4,2
274,4,2
275,4,2
276,4,2
277,4,2
278,4,2
279,4,2
280,4,2
281,4,2
282,4,2
283,4,2
284,4,2
285,4,2
286,4,2
287,4,2
288,4,2
289,4,2
290,4,2
291,4,2
292,4,2
293,4,2
294,4,2
295,4,2
296,4,2
297,4,2
298,4,2
299,4,2
300,4,2
301,4,2
302,4,2
303,4,2
304,4,2
305,4,2
306,4,2
307,4,2
308,4,2
309,4,2
310,4,2
311,4,2
312,4,2
313,4,2
314,4,2
315,4,2
316,4,2
317,5,2
318,5,2
319,5,2
320,5,2
321,5,2
322,5,2
323,5,2
324,5,2
325,5,2
326,5,2
327,5,2
328,5,2
329,5,2
330,5,2
331,5,2
332,5,2
333,5,2
334,5,2
335,5,2
336,5,2
337,5,2
338,5,2
339,5,2
340,5,2
341,5,2
342,5,2
343,5,2
344,5,2
345,5,2
346,5,2
347,5,2
348,5,2
349,5,2
350,5,2
351,5,2
352,5,2
353,5,2
354,5,2
355,5,2
356,5,2
357,5,2
358,5,2
359,5,2
360,5,2
361,4,2
362,4,2
363,4,2
364,4,2
365,5,2
366,5,2
367,5,2
368,5,2
369,6,2
370,6,2
371,6,2
372,6,2
373,6,2
374,6,2
375,6,2
376,6,2
377,6,2
378,6,2
379,6,2
380,6,2
381,6,2
382,6,2
383,6,2
384,6,2
385,6,2
386,6,2
387,6,2
388,6,2
389,6,2
390,6,2
391,6,2
392,6,2
393,6,2
394,6,2
395,6,2
396,6,2
397,6,2
398,6,2
399,6,2
400,6,2
401,6,2
402,6,2
403,6,2
404,6,2
405,6,2
406,6,2
407,6,2
408,6,2
409,8,2
410,8,2
411,8,2
412,8,2
413,8,2
414,8,2
415,8,2
416,8,2
417,8,2
418,8,2
419,8,2
420,8,2
421,8,2
422,8,2
423,8,2
424,8,2
425,8,2
426,8,2
427,8,2
428,8,2
429,8,2
430,8,2
431,8,2
432,8,2
433,8,2
434,8,2
435,8,2
436,8,2
437,8,2
438,8,2
439,8,2
440,8,2
441,8,2
442,8,2
443,8,2
444,8,2
445,8,2
446,8,2
447,8,2
448,8,2
449,8,2
450,8,2
451,8,2
452,8,2
453,8,2
454,8,2
455,8,2
456,8,2
457,8,2
458,8,2
459,8,2
460,8,2
461,8,2
462,8,2
463,8,2
464,8,2
465,8,2
466,8,2
467,8,2
468,8,2
469,8,2
470,8,2
471,8,2
472,8,2
473,8,2
474,8,2
475,8,2
476,8,2
477,8,2
478,8,2
479,8,2
480,8,2
481,8,2
482,8,2
483,8,2
484,8,2
485,8,2
486,8,2
487,8,2
488,8,2
489,8,2
490,8,2
491,8,2
492,8,2
493,8,2
494,8,2
495,8,2
496,8,2
497,8,2
498,8,2
499,8,2
500,8,2
501,8,2
502,8,2
503,8,2
504,8,2
505,8,2
506,8,2
507,8,2
508,8,2
509,8,2
510,8,2
511,8,2
512,8,2
513,8,2
514,8,2
515,8,2
516,8,2
517,8,2
518,8,2
519,8,2
520,8,2
521,8,2
522,8,2
523,8,2
524,8,2
525,8,2
526,8,2
527,8,2
528,8,2
529,8,2
530,8,2
531,8,2
532,8,2
533,8,2
534,8,2
535,8,2
536,8,2
537,8,2
538,8,2
539,8,2
540,8,2
541,8,2
542,8,2
543,8,2
544,8,2
545,8,2
546,8,2
547,8,2
548,8,2
549,8,2
550,8,2
551,8,2
552,8,2
553,8,2
554,8,2
555,8,2
556,8,2
557,8,2
558,8,2
559,8,2
560,8,2
561,8,2
562,8,2
563,8,2
564,8,2
565,8,2
566,8,2
567,8,2
568,8,2
569,8,2
570,8,2
571,8,2
572,8,2
573,8,2
574,8,2
575,8,2
576,8,2
577,8,2
578,8,2
579,8,2
580,8,2
581,8,2
582,8,2
583,8,2
584,8,2
585,8,2
586,8,2
587,8,2
588,8,2
589,8,2
590,8,2
591,8,2
592,8,2
593,8,2
594,8,2
595,8,2
596,8,2
597,8,2
598,8,2
599,8,2
600,8,2
601,8,2
602,8,2
603,8,2
604,8,2
605,8,2
606,8,2
607,8,2
608,8,2
609,8,2
610,8,2
611,8,2
612,8,2
613,8,2
614,8,2
615,8,2
616,8,2
617,8,2
618,8,2
619,8,2
620,8,2
621,8,2
622,8,2
623,8,2
624,8,2
625,8,2
626,8,2
627,8,2
628,8,2
629,8,2
630,8,2
631,8,2
632,8,2
633,8,2
634,8,2
635,8,2
636,8,2
637,8,2
638,8,2
639,8,2
640,8,2
641,4,2
642,4,2
643,4,2
644,4,2
645,8,2
646,8,2
647,8,2
648,8,2
649,9,2
650,9,2
651,9,2
652,9,2
653,9,2
654,9,2
655,9,2
656,9,2
657,9,2
658,9,2
659,9,2
660,9,2
661,9,2
662,9,2
663,9,2
664,9,2
665,9,2
666,9,2
667,9,2
668,9,2
669,9,2
670,9,2
671,9,2
672,9,2
673,9,2
674,9,2
675,9,2
676,9,2
677,9,2
678,9,2
679,9,2
680,9,2
681,9,2
682,9,2
683,9,2
684,9,2
685,12,2
686,12,2
687,12,2
688,12,2
689,12,2
690,12,2
691,12,2
692,12,2
693,12,2
694,12,2
695,12,2
696,12,2
697,12,2
698,12,2
699,12,2
700,12,2
701,12,2
702,12,2
703,12,2
704,12,2
705,12,2
706,12,2
707,12,2
708,12,2
709,12,2
710,12,2
711,12,2
712,12,2
713,12,2
714,12,2
715,12,2
716,12,2
717,12,2
718,12,2
719,12,2
720,12,2
721,12,2
722,12,2
723,12,2
724,12,2
725,12,2
726,12,2
727,12,2
728,12,2
729,12,2
730,12,2
731,12,2
732,12,2
733,12,2
734,12,2
735,12,2
736,12,2
737,12,2
738,12,2
739,12,2
740,12,2
741,12,2
742,12,2
743,12,2
744,12,2
745,12,2
746,12,2
747,12,2
748,12,2
749,12,2
750,12,2
751,12,2
752,12,2
753,12,2
754,12,2
755,12,2
756,12,2
757,12,2
758,12,2
759,12,2
760,12,2
761,12,2
762,12,2
763,12,2
764,12,2
765,13,2
766,13,2
767,13,2
768,13,2
769,13,2
770,13,2
771,13,2
772,13,2
773,13,2
774,13,2
775,13,2
776,13,2
777,13,2
778,13,2
779,13,2
780,13,2
781,13,2
782,13,2
783,13,2
784,13,2
785,13,2
786,13,2
787,13,2
788,13,2
789,15,2
790,15,2
791,15,2
792,15,2
793,15,2
794,15,2
795,15,2
796,15,2
797,17,2
798,17,2
799,17,2
800,17,2
801,17,2
802,17,2
803,17,2
804,17,2
805,17,2
806,17,2
807,17,2
808,17,2
809,17,2
810,17,2
811,17,2
812,17,2
813,17,2
814,17,2
815,17,2
816,17,2
817,17,2
818,17,2
819,17,2
820,17,2
821,17,2
822,17,2
823,17,2
824,17,2
825,18,2
826,18,2
827,18,2
828,18,2
829,18,2
830,18,2
831,18,2
832,18,2
833,18,2
834,18,2
835,18,2
836,18,2
837,18,2
838,18,2
839,18,2
840,18,2
841,18,2
842,18,2
843,18,2
844,18,2
845,18,2
846,18,2
847,18,2
848,18,2
849,18,2
850,18,2
851,18,2
852,18,2
853,19,2
854,19,2
855,19,2
856,19,2
857,19,2
858,19,2
859,19,2
860,19,2
861,19,2
862,19,2
863,19,2
864,19,2
865,19,2
866,19,2
867,19,2
868,19,2
869,19,2
870,19,2
871,19,2
872,19,2
873,19,2
874,19,2
875,19,2
876,19,2
877,19,2
878,19,2
879,19,2
880,19,2
881,19,2
882,19,2
883,19,2
884,19,2
885,19,2
886,19,2
887,19,2
888,19,2
889,19,2
890,19,2
891,19,2
892,19,2
893,19,2
894,19,2
895,19,2
896,19,2
897,20,2
898,20,2
899,20,2
900,20,2
901,20,2
902,20,2
903,20,2
904,20,2
905,21,2
906,21,2
907,21,2
908,21,2
909,21,2
910,21,2
911,21,2
912,21,2
913,24,2
914,24,2
915,24,2
916,24,2
917,24,2
918,24,2
919,24,2
920,24,2
921,24,2
922,24,2
923,24,2
924,24,2
925,24,2
926,24,2
927,24,2
928,24,2
929,25,2
930,25,2
931,25,2
932,25,2
933,27,2
934,27,2
935,27,2
936,27,2
937,28,2
938,28,2
939,28,2
940,28,2
941,28,2
942,28,2
943,28,2
944,28,2
945,28,2
946,28,2
947,28,2
948,28,2
949,28,2
950,28,2
951,28,2
952,28,2
953,28,2
954,28,2
955,28,2
956,28,2
957,28,2
958,28,2
959,28,2
960,28,2
961,28,2
962,28,2
963,28,2
964,28,2
965,28,2
966,28,2
967,28,2
968,28,2
969,28,2
970,28,2
971,28,2
972,28,2
973,28,2
974,28,2
975,28,2
976,28,2
977,28,2
978,28,2
979,28,2
980,28,2
981,28,2
982,28,2
983,28,2
984,28,2
985,28,2
986,28,2
987,28,2
988,28,2
989,28,2
990,28,2
991,28,2
992,28,2
993,28,2
994,28,2
995,28,2
996,28,2
997,28,2
998,28,2
999,28,2
1000,28,2
1001,28,2
1002,28,2
1003,28,2
1004,28,2
1005,28,2
1006,28,2
1007,28,2
1008,28,2
1009,28,2
1010,28,2
1011,28,2
1012,28,2
1013,28,2
1014,28,2
1015,28,2
1016,28,2
1017,28,2
1018,28,2
1019,28,2
1020,28,2
1021,28,2
1022,28,2
1023,28,2
1024,28,2
1025,29,2
1026,29,2
1027,29,2
1028,29,2
1029,29,2
1030,29,2
1031,29,2
1032,29,2
1033,30,2
1034,30,2
1035,30,2
1036,30,2
1037,31,2
1038,31,2
1039,31,2
1040,31,2
1041,31,2
1042,31,2
1043,31,2
1044,31,2
1045,32,2
1046,32,2
1047,32,2
1048,32,2
1049,32,2
1050,32,2
1051,32,2
1052,32,2
1053,32,2
1054,32,2
1055,32,2
1056,32,2
1057,32,2
1058,32,2
1059,32,2
1060,32,2
1061,32,2
1062,32,2
1063,32,2
1064,32,2
1065,32,2
1066,32,2
1067,32,2
1068,32,2
1069,32,2
1070,32,2
1071,32,2
1072,32,2
1073,32,2
1074,32,2
1075,32,2
1076,32,2
1077,32,2
1078,32,2
1079,32,2
1080,32,2
1081,32,2
1082,32,2
1083,32,2
1084,32,2
1085,32,2
1086,32,2
1087,32,2
1088,32,2
1089,34,2
1090,34,2
1091,34,2
1092,34,2
1093,35,2
1094,35,2
1095,35,2
1096,35,2
1097,35,2
1098,35,2
1099,35,2
1100,35,2
1101,36,2
1102,36,2
1103,36,2
1104,36,2
1105,36,2
1106,36,2
1107,36,2
1108,36,2
1109,36,2
1110,36,2
1111,36,2
1112,36,2
1113,36,2
1114,36,2
1115,36,2
1116,36,2
1117,36,2
1118,36,2
1119,36,2
1120,36,2
1121,36,2
1122,36,2
1123,36,2
1124,36,2
1125,36,2
1126,36,2
1127,36,2
1128,36,2
1129,36,2
1130,36,2
1131,36,2
1132,36,2
1133,36,2
1134,36,2
1135,36,2
1136,36,2
1137,36,2
1138,36,2
1139,36,2
1140,36,2
1141,36,2
1142,36,2
1143,36,2
1144,36,2
1145,36,2
1146,36,2
1147,36,2
1148,36,2
1149,36,2
1150,36,2
1151,36,2
1152,36,2
1153,36,2
1154,36,2
1155,36,2
1156,36,2
1157,36,2
1158,36,2
1159,36,2
1160,36,2
1161,36,2
1162,36,2
1163,36,2
1164,36,2
1165,36,2
1166,36,2
1167,36,2
1168,36,2
1169,36,2
1170,36,2
1171,36,2
1172,36,2
1173,36,2
1174,36,2
1175,36,2
1176,36,2
1177,36,2
1178,36,2
1179,36,2
1180,36,2
1181,36,2
1182,36,2
1183,36,2
1184,36,2
1185,36,2
1186,36,2
1187,36,2
1188,36,2
1189,36,2
1190,36,2
1191,36,2
1192,36,2
1193,36,2
1194,36,2
1195,36,2
1196,36,2
1197,36,2
1198,36,2
1199,36,2
1200,36,2
1201,36,2
1202,36,2
1203,36,2
1204,36,2
1205,36,2
1206,36,2
1207,36,2
1208,36,2
1209,36,2
1210,36,2
1211,36,2
1212,36,2
1213,36,2
1214,36,2
1215,36,2
1216,36,2
1217,36,2
1218,36,2
1219,36,2
1220,36,2
1221,36,2
1222,36,2
1223,36,2
1224,36,2
1225,36,2
1226,36,2
1227,36,2
1228,36,2
1229,36,2
1230,36,2
1231,36,2
1232,36,2
1233,36,2
1234,36,2
1235,36,2
1236,36,2
1237,36,2
1238,36,2
1239,36,2
1240,36,2
1241,36,2
1242,36,2
1243,36,2
1244,36,2
1245,36,2
1246,36,2
1247,36,2
1248,36,2
1249,36,2
1250,36,2
1251,36,2
1252,36,2
1253,36,2
1254,36,2
1255,36,2
1256,36,2
1257,36,2
1258,36,2
1259,36,2
1260,36,2
1261,36,2
1262,36,2
1263,36,2
1264,36,2
1265,36,2
1266,36,2
1267,36,2
1268,36,2
1269,36,2
1270,36,2
1271,36,2
1272,36,2
1273,36,2
1274,36,2
1275,36,2
1276,36,2
1277,36,2
1278,36,2
1279,36,2
1280,36,2
1281,36,2
1282,36,2
1283,36,2
1284,36,2
1285,36,2
1286,36,2
1287,36,2
1288,36,2
1289,37,2
1290,37,2
1291,37,2
1292,37,2
1293,37,2
1294,37,2
1295,37,2
1296,37,2
1297,37,2
1298,37,2
1299,37,2
1300,37,2
1301,37,2
1302,37,2
1303,37,2
1304,37,2
1305,37,2
1306,37,2
1307,37,2
1308,37,2
1309,37,2
1310,37,2
1311,37,2
1312,37,2
1313,37,2
1314,37,2
1315,37,2
1316,37,2
1317,37,2
1318,37,2
1319,37,2
1320,37,2
1321,37,2
1322,37,2
1323,37,2
1324,37,2
1325,37,2
1326,37,2
1327,37,2
1328,37,2
1329,38,2
1330,38,2
1331,38,2
1332,38,2
1333,38,2
1334,38,2
1335,38,2
1336,38,2
1337,38,2
1338,38,2
1339,38,2
1340,38,2
1341,38,2
1342,38,2
1343,38,2
1344,38,2
1345,39,2
1346,39,2
1347,39,2
1348,39,2
1349,39,2
1350,39,2
1351,39,2
1352,39,2
1353,39,2
1354,39,2
1355,39,2
1356,39,2
1357,39,2
1358,39,2
1359,39,2
1360,39,2
1361,39,2
1362,39,2
1363,39,2
1364,39,2
1365,39,2
1366,39,2
1367,39,2
1368,39,2
1369,39,2
1370,39,2
1371,39,2
1372,39,2
1373,22,2
1374,22,2
1375,22,2
1376,22,2
1377,18,2
1378,18,2
1379,18,2
1380,18,2
1381,16,2
1382,16,2
1383,16,2
1384,16,2
1385,10,2
1386,10,2
1387,10,2
1388,10,2
1389,12,2
1390,12,2
1391,12,2
1392,12,2
1393,12,2
1394,12,2
1395,12,2
1396,12,2
1397,18,2
1398,18,2
1399,18,2
1400,18,2
1401,17,2
1402,17,2
1403,17,2
1404,17,2
1405,4,2
1406,4,2
1407,4,2
1408,4,2
1409,4,2
1410,4,2
1411,4,2
1412,4,2
1413,4,2
1414,4,2
1415,4,2
1416,4,2
1417,4,2
1418,4,2
1419,4,2
1420,4,2
1421,4,2
1422,4,2
1423,4,2
1424,4,2
1425,4,2
1426,4,2
1427,4,2
1428,4,2
1429,4,2
1430,4,2
1431,4,2
1432,4,2
1433,4,2
1434,4,2
1435,4,2
1436,4,2
1437,4,2
1438,4,2
1439,4,2
1440,4,2
1441,4,2
1442,4,2
1443,4,2
1444,4,2
1445,4,2
1446,4,2
1447,4,2
1448,4,2
1449,4,2
1450,4,2
1451,4,2
1452,4,2
1453,4,2
1454,4,2
1455,4,2
1456,4,2
1457,4,2
1458,4,2
1459,4,2
1460,4,2
1461,4,2
1462,4,2
1463,4,2
1464,4,2
1465,4,2
1466,4,2
1467,4,2
1468,4,2
1469,4,2
1470,4,2
1471,4,2
1472,4,2
1473,4,2
1474,4,2
1475,4,2
1476,4,2
1477,4,2
1478,4,2
1479,4,2
1480,4,2
1481,4,2
1482,4,2
1483,4,2
1484,4,2
1485,16,2
1486,16,2
1487,16,2
1488,16,2
1489,28,2
1490,28,2
1491,28,2
1492,28,2
1493,28,2
1494,28,2
1495,28,2
1496,28,2
1497,3,2
1498,3,2
1499,3,2
1500,3,2
1501,3,2
1502,3,2
1503,3,2
1504,3,2
1505,3,2
1506,3,2
1507,3,2
1508,3,2
1509,3,2
1510,3,2
1511,3,2
1512,3,2
1513,14,2
1514,14,2
1515,14,2
1516,14,2
1517,35,2
1518,35,2
1519,35,2
1520,35,2
1521,37,2
1522,37,2
1523,37,2
1524,37,2
1525,4,2
1526,4,2
1527,4,2
1528,4,2
1529,28,2
1530,28,2
1531,28,2
1532,28,2
1533,28,2
1534,28,2
1535,28,2
1536,28,2
1537,4,2
1538,4,2
1539,4,2
1540,4,2
1541,11,2
1542,11,2
1543,11,2
1544,11,2
1545,11,2
1546,11,2
1547,11,2
1548,11,2
1549,36,2
1550,36,2
1551,36,2
1552,36,2
1553,34,2
1554,34,2
1555,34,2
1556,34,2
1557,5,2
1558,5,2
1559,5,2
1560,5,2
1561,3,2
1562,3,2
1563,3,2
1564,3,2
1565,28,2
1566,28,2
1567,28,2
1568,28,2
1569,23,2
1570,23,2
1571,23,2
1572,23,2
1573,8,2
1574,8,2
1575,8,2
1576,8,2
1577,6,2
1578,6,2
1579,6,2
1580,6,2
1581,6,2
1582,6,2
1583,6,2
1584,6,2
1585,2,2
1586,2,2
1587,2,2
1588,2,2
1589,2,2
1590,2,2
1591,2,2
1592,2,2
1593,3,2
1594,3,2
1595,3,2
1596,3,2
1597,5,2
1598,5,2
1599,5,2
1600,5,2
1601,15,2
1602,15,2
1603,15,2
1604,15,2
1605,9,2
1606,9,2
1607,9,2
1608,9,2
1609,9,2
1610,9,2
1611,9,2
1612,9,2
1613,12,2
1614,12,2
1615,12,2
1616,12,2
1617,12,2
1618,12,2
1619,12,2
1620,12,2
1621,12,2
1622,12,2
1623,12,2
1624,12,2
1625,12,2
1626,12,2
1627,12,2
1628,12,2
1629,7,2
1630,7,2
1631,7,2
1632,7,2
1633,4,2
1634,4,2
1635,4,2
1636,4,2
1637,14,2
1638,14,2
1639,14,2
1640,14,2
1641,27,2
1642,27,2
1643,27,2
1644,27,2
1645,26,2
1646,26,2
1647,26,2
1648,26,2
1649,11,2
1650,11,2
1651,11,2
1652,11,2
1653,1,2
1654,1,2
1655,1,2
1656,1,2
1657,16,2
1658,16,2
1659,16,2
1660,16,2
1661,16,2
1662,16,2
1663,16,2
1664,16,2
1665,38,2
1666,38,2
1667,38,2
1668,38,2
1669,36,2
1670,36,2
1671,36,2
1672,36,2
1673,36,2
1674,36,2
1675,36,2
1676,36,2
1677,36,2
1678,36,2
1679,36,2
1680,36,2
1681,35,2
1682,35,2
1683,35,2
1684,35,2
1685,29,2
1686,29,2
1687,29,2
1688,29,2
1689,28,2
1690,28,2
1691,28,2
1692,28,2
1693,5,2
1694,5,2
1695,5,2
1696,5,2
1697,8,2
1698,8,2
1699,8,2
1700,8,2
1701,21,2
1702,21,2
1703,21,2
1704,21,2
1705,21,2
1706,21,2
1707,21,2
1708,21,2
1709,14,2
1710,14,2
1711,14,2
1712,14,2
1713,14,2
1714,14,2
1715,14,2
1716,14,2
1717,24,2
1718,24,2
1719,24,2
1720,24,2
1721,24,2
1722,24,2
1723,24,2
1724,24,2
1725,21,2
1726,21,2
1727,21,2
1728,21,2
1729,14,2
1730,14,2
1731,14,2
1732,14,2
1733,14,2
1734,14,2
1735,14,2
1736,14,2
1737,24,2
1738,24,2
1739,24,2
1740,24,2
1741,36,2
1742,36,2
1743,36,2
1744,36,2
1745,13,2
1746,13,2
1747,13,2
1748,13,2
1749,9,2
1750,9,2
1751,9,2
1752,9,2
1753,29,2
1754,29,2
1755,29,2
1756,29,2
1757,33,2
1758,33,2
1759,33,2
1760,33,2
1761,36,2
1762,36,2
1763,36,2
1764,36,2
1765,4,2
1766,4,2
1767,4,2
1768,4,2
1769,4,2
1770,4,2
1771,4,2
1772,4,2
1773,4,2
1774,4,2
1775,4,2
1776,4,2
1777,8,2
1778,8,2
1779,8,2
1780,8,2
1781,8,2
1782,8,2
1783,8,2
1784,8,2
1785,8,2
1786,8,2
1787,8,2
1788,8,2
