coverage_id,summary_id,summaryset_id
1,1,0
2,1,0
3,1,0
4,1,0
5,1,0
6,1,0
7,1,0
8,1,0
9,1,0
10,1,0
11,1,0
12,1,0
13,1,0
14,1,0
15,1,0
16,1,0
17,1,0
18,1,0
19,1,0
20,1,0
21,1,0
22,1,0
23,1,0
24,1,0
25,1,0
26,1,0
27,1,0
28,1,0
29,1,0
30,1,0
31,1,0
32,1,0
33,1,0
34,1,0
35,1,0
36,1,0
37,1,0
38,1,0
39,1,0
40,1,0
41,1,0
42,1,0
43,1,0
44,1,0
45,1,0
46,1,0
47,1,0
48,1,0
49,1,0
50,1,0
51,1,0
52,1,0
53,1,0
54,1,0
55,1,0
56,1,0
57,1,0
58,1,0
59,1,0
60,1,0
61,1,0
62,1,0
63,1,0
64,1,0
65,1,0
66,1,0
67,1,0
68,1,0
69,1,0
70,1,0
71,1,0
72,1,0
73,1,0
74,1,0
75,1,0
76,1,0
77,1,0
78,1,0
79,1,0
80,1,0
81,1,0
82,1,0
83,1,0
84,1,0
85,1,0
86,1,0
87,1,0
88,1,0
89,1,0
90,1,0
91,1,0
92,1,0
93,1,0
94,1,0
95,1,0
96,1,0
97,1,0
98,1,0
99,1,0
100,1,0
101,1,0
102,1,0
103,1,0
104,1,0
105,1,0
106,1,0
107,1,0
108,1,0
109,1,0
110,1,0
111,1,0
112,1,0
113,1,0
114,1,0
115,1,0
116,1,0
117,1,0
118,1,0
119,1,0
120,1,0
121,1,0
122,1,0
123,1,0
124,1,0
125,1,0
126,1,0
127,1,0
128,1,0
129,1,0
130,1,0
131,1,0
132,1,0
133,1,0
134,1,0
135,1,0
136,1,0
137,1,0
138,1,0
139,1,0
140,1,0
141,1,0
142,1,0
143,1,0
144,1,0
145,1,0
146,1,0
147,1,0
148,1,0
149,1,0
150,1,0
151,1,0
152,1,0
153,1,0
154,1,0
155,1,0
156,1,0
157,1,0
158,1,0
159,1,0
160,1,0
161,1,0
162,1,0
163,1,0
164,1,0
165,1,0
166,1,0
167,1,0
168,1,0
169,1,0
170,1,0
171,1,0
172,1,0
173,1,0
174,1,0
175,1,0
176,1,0
177,1,0
178,1,0
179,1,0
180,1,0
181,1,0
182,1,0
183,1,0
184,1,0
185,1,0
186,1,0
187,1,0
188,1,0
189,1,0
190,1,0
191,1,0
192,1,0
193,1,0
194,1,0
195,1,0
196,1,0
197,1,0
198,1,0
199,1,0
200,1,0
201,1,0
202,1,0
203,1,0
204,1,0
205,1,0
206,1,0
207,1,0
208,1,0
209,1,0
210,1,0
211,1,0
212,1,0
213,1,0
214,1,0
215,1,0
216,1,0
217,1,0
218,1,0
219,1,0
220,1,0
221,1,0
222,1,0
223,1,0
224,1,0
225,1,0
226,1,0
227,1,0
228,1,0
229,1,0
230,1,0
231,1,0
232,1,0
233,1,0
234,1,0
235,1,0
236,1,0
237,1,0
238,1,0
239,1,0
240,1,0
241,1,0
242,1,0
243,1,0
244,1,0
245,1,0
246,1,0
247,1,0
248,1,0
249,1,0
250,1,0
251,1,0
252,1,0
253,1,0
254,1,0
255,1,0
256,1,0
257,1,0
258,1,0
259,1,0
260,1,0
261,1,0
262,1,0
263,1,0
264,1,0
265,1,0
266,1,0
267,1,0
268,1,0
269,1,0
270,1,0
271,1,0
272,1,0
273,1,0
274,1,0
275,1,0
276,1,0
277,1,0
278,1,0
279,1,0
280,1,0
281,1,0
282,1,0
283,1,0
284,1,0
285,1,0
286,1,0
287,1,0
288,1,0
289,1,0
290,1,0
291,1,0
292,1,0
293,1,0
294,1,0
295,1,0
296,1,0
297,1,0
298,1,0
299,1,0
300,1,0
301,1,0
302,1,0
303,1,0
304,1,0
305,1,0
306,1,0
307,1,0
308,1,0
309,1,0
310,1,0
311,1,0
312,1,0
313,1,0
314,1,0
315,1,0
316,1,0
317,1,0
318,1,0
319,1,0
320,1,0
321,1,0
322,1,0
323,1,0
324,1,0
325,1,0
326,1,0
327,1,0
328,1,0
329,1,0
330,1,0
331,1,0
332,1,0
333,1,0
334,1,0
335,1,0
336,1,0
337,1,0
338,1,0
339,1,0
340,1,0
341,1,0
342,1,0
343,1,0
344,1,0
345,1,0
346,1,0
347,1,0
348,1,0
349,1,0
350,1,0
351,1,0
352,1,0
353,1,0
354,1,0
355,1,0
356,1,0
357,1,0
358,1,0
359,1,0
360,1,0
361,1,0
362,1,0
363,1,0
364,1,0
365,1,0
366,1,0
367,1,0
368,1,0
369,1,0
370,1,0
371,1,0
372,1,0
373,1,0
374,1,0
375,1,0
376,1,0
377,1,0
378,1,0
379,1,0
380,1,0
381,1,0
382,1,0
383,1,0
384,1,0
385,1,0
386,1,0
387,1,0
388,1,0
389,1,0
390,1,0
391,1,0
392,1,0
393,1,0
394,1,0
395,1,0
396,1,0
397,1,0
398,1,0
399,1,0
400,1,0
401,1,0
402,1,0
403,1,0
404,1,0
405,1,0
406,1,0
407,1,0
408,1,0
409,1,0
410,1,0
411,1,0
412,1,0
413,1,0
414,1,0
415,1,0
416,1,0
417,1,0
418,1,0
419,1,0
420,1,0
421,1,0
422,1,0
423,1,0
424,1,0
425,1,0
426,1,0
427,1,0
428,1,0
429,1,0
430,1,0
431,1,0
432,1,0
433,1,0
434,1,0
435,1,0
436,1,0
437,1,0
438,1,0
439,1,0
440,1,0
441,1,0
442,1,0
443,1,0
444,1,0
445,1,0
446,1,0
447,1,0
448,1,0
449,1,0
450,1,0
451,1,0
452,1,0
453,1,0
454,1,0
455,1,0
456,1,0
457,1,0
458,1,0
459,1,0
460,1,0
461,1,0
462,1,0
463,1,0
464,1,0
465,1,0
466,1,0
467,1,0
468,1,0
469,1,0
470,1,0
471,1,0
472,1,0
473,1,0
474,1,0
475,1,0
476,1,0
477,1,0
478,1,0
479,1,0
480,1,0
481,1,0
482,1,0
483,1,0
484,1,0
485,1,0
486,1,0
487,1,0
488,1,0
489,1,0
490,1,0
491,1,0
492,1,0
493,1,0
494,1,0
495,1,0
496,1,0
497,1,0
498,1,0
499,1,0
500,1,0
501,1,0
502,1,0
503,1,0
504,1,0
505,1,0
506,1,0
507,1,0
508,1,0
509,1,0
510,1,0
511,1,0
512,1,0
513,1,0
514,1,0
515,1,0
516,1,0
517,1,0
518,1,0
519,1,0
520,1,0
521,1,0
522,1,0
523,1,0
524,1,0
525,1,0
526,1,0
527,1,0
528,1,0
529,1,0
530,1,0
531,1,0
532,1,0
533,1,0
534,1,0
535,1,0
536,1,0
537,1,0
538,1,0
539,1,0
540,1,0
541,1,0
542,1,0
543,1,0
544,1,0
545,1,0
546,1,0
547,1,0
548,1,0
549,1,0
550,1,0
551,1,0
552,1,0
553,1,0
554,1,0
555,1,0
556,1,0
557,1,0
558,1,0
559,1,0
560,1,0
561,1,0
562,1,0
563,1,0
564,1,0
565,1,0
566,1,0
567,1,0
568,1,0
569,1,0
570,1,0
571,1,0
572,1,0
573,1,0
574,1,0
575,1,0
576,1,0
577,1,0
578,1,0
579,1,0
580,1,0
581,1,0
582,1,0
583,1,0
584,1,0
585,1,0
586,1,0
587,1,0
588,1,0
589,1,0
590,1,0
591,1,0
592,1,0
593,1,0
594,1,0
595,1,0
596,1,0
597,1,0
598,1,0
599,1,0
600,1,0
601,1,0
602,1,0
603,1,0
604,1,0
605,1,0
606,1,0
607,1,0
608,1,0
609,1,0
610,1,0
611,1,0
612,1,0
613,1,0
614,1,0
615,1,0
616,1,0
617,1,0
618,1,0
619,1,0
620,1,0
621,1,0
622,1,0
623,1,0
624,1,0
625,1,0
626,1,0
627,1,0
628,1,0
629,1,0
630,1,0
631,1,0
632,1,0
633,1,0
634,1,0
635,1,0
636,1,0
637,1,0
638,1,0
639,1,0
640,1,0
641,1,0
642,1,0
643,1,0
644,1,0
645,1,0
646,1,0
647,1,0
648,1,0
649,1,0
650,1,0
651,1,0
652,1,0
653,1,0
654,1,0
655,1,0
656,1,0
657,1,0
658,1,0
659,1,0
660,1,0
661,1,0
662,1,0
663,1,0
664,1,0
665,1,0
666,1,0
667,1,0
668,1,0
669,1,0
670,1,0
671,1,0
672,1,0
673,1,0
674,1,0
675,1,0
676,1,0
677,1,0
678,1,0
679,1,0
680,1,0
681,1,0
682,1,0
683,1,0
684,1,0
685,1,0
686,1,0
687,1,0
688,1,0
689,1,0
690,1,0
691,1,0
692,1,0
693,1,0
694,1,0
695,1,0
696,1,0
697,1,0
698,1,0
699,1,0
700,1,0
701,1,0
702,1,0
703,1,0
704,1,0
705,1,0
706,1,0
707,1,0
708,1,0
709,1,0
710,1,0
711,1,0
712,1,0
713,1,0
714,1,0
715,1,0
716,1,0
717,1,0
718,1,0
719,1,0
720,1,0
721,1,0
722,1,0
723,1,0
724,1,0
725,1,0
726,1,0
727,1,0
728,1,0
729,1,0
730,1,0
731,1,0
732,1,0
733,1,0
734,1,0
735,1,0
736,1,0
737,1,0
738,1,0
739,1,0
740,1,0
741,1,0
742,1,0
743,1,0
744,1,0
745,1,0
746,1,0
747,1,0
748,1,0
749,1,0
750,1,0
751,1,0
752,1,0
753,1,0
754,1,0
755,1,0
756,1,0
757,1,0
758,1,0
759,1,0
760,1,0
761,1,0
762,1,0
763,1,0
764,1,0
765,1,0
766,1,0
767,1,0
768,1,0
769,1,0
770,1,0
771,1,0
772,1,0
773,1,0
774,1,0
775,1,0
776,1,0
777,1,0
778,1,0
779,1,0
780,1,0
781,1,0
782,1,0
783,1,0
784,1,0
785,1,0
786,1,0
787,1,0
788,1,0
789,1,0
790,1,0
791,1,0
792,1,0
793,1,0
794,1,0
795,1,0
796,1,0
797,1,0
798,1,0
799,1,0
800,1,0
801,1,0
802,1,0
803,1,0
804,1,0
805,1,0
806,1,0
807,1,0
808,1,0
809,1,0
810,1,0
811,1,0
812,1,0
813,1,0
814,1,0
815,1,0
816,1,0
817,1,0
818,1,0
819,1,0
820,1,0
821,1,0
822,1,0
823,1,0
824,1,0
825,1,0
826,1,0
827,1,0
828,1,0
829,1,0
830,1,0
831,1,0
832,1,0
833,1,0
834,1,0
835,1,0
836,1,0
837,1,0
838,1,0
839,1,0
840,1,0
841,1,0
842,1,0
843,1,0
844,1,0
845,1,0
846,1,0
847,1,0
848,1,0
849,1,0
850,1,0
851,1,0
852,1,0
853,1,0
854,1,0
855,1,0
856,1,0
857,1,0
858,1,0
859,1,0
860,1,0
861,1,0
862,1,0
863,1,0
864,1,0
865,1,0
866,1,0
867,1,0
868,1,0
869,1,0
870,1,0
871,1,0
872,1,0
873,1,0
874,1,0
875,1,0
876,1,0
877,1,0
878,1,0
879,1,0
880,1,0
881,1,0
882,1,0
883,1,0
884,1,0
885,1,0
886,1,0
887,1,0
888,1,0
889,1,0
890,1,0
891,1,0
892,1,0
893,1,0
894,1,0
895,1,0
896,1,0
897,1,0
898,1,0
899,1,0
900,1,0
901,1,0
902,1,0
903,1,0
904,1,0
905,1,0
906,1,0
907,1,0
908,1,0
909,1,0
910,1,0
911,1,0
912,1,0
913,1,0
914,1,0
915,1,0
916,1,0
917,1,0
918,1,0
919,1,0
920,1,0
921,1,0
922,1,0
923,1,0
924,1,0
925,1,0
926,1,0
927,1,0
928,1,0
929,1,0
930,1,0
931,1,0
932,1,0
933,1,0
934,1,0
935,1,0
936,1,0
937,1,0
938,1,0
939,1,0
940,1,0
941,1,0
942,1,0
943,1,0
944,1,0
945,1,0
946,1,0
947,1,0
948,1,0
949,1,0
950,1,0
951,1,0
952,1,0
953,1,0
954,1,0
955,1,0
956,1,0
957,1,0
958,1,0
959,1,0
960,1,0
961,1,0
962,1,0
963,1,0
964,1,0
965,1,0
966,1,0
967,1,0
968,1,0
969,1,0
970,1,0
971,1,0
972,1,0
973,1,0
974,1,0
975,1,0
976,1,0
977,1,0
978,1,0
979,1,0
980,1,0
981,1,0
982,1,0
983,1,0
984,1,0
985,1,0
986,1,0
987,1,0
988,1,0
989,1,0
990,1,0
991,1,0
992,1,0
993,1,0
994,1,0
995,1,0
996,1,0
997,1,0
998,1,0
999,1,0
1000,1,0
1001,1,0
1002,1,0
1003,1,0
1004,1,0
1005,1,0
1006,1,0
1007,1,0
1008,1,0
1009,1,0
1010,1,0
1011,1,0
1012,1,0
1013,1,0
1014,1,0
1015,1,0
1016,1,0
1017,1,0
1018,1,0
1019,1,0
1020,1,0
1021,1,0
1022,1,0
1023,1,0
1024,1,0
1025,1,0
1026,1,0
1027,1,0
1028,1,0
1029,1,0
1030,1,0
1031,1,0
1032,1,0
1033,1,0
1034,1,0
1035,1,0
1036,1,0
1037,1,0
1038,1,0
1039,1,0
1040,1,0
1041,1,0
1042,1,0
1043,1,0
1044,1,0
1045,1,0
1046,1,0
1047,1,0
1048,1,0
1049,1,0
1050,1,0
1051,1,0
1052,1,0
1053,1,0
1054,1,0
1055,1,0
1056,1,0
1057,1,0
1058,1,0
1059,1,0
1060,1,0
1061,1,0
1062,1,0
1063,1,0
1064,1,0
1065,1,0
1066,1,0
1067,1,0
1068,1,0
1069,1,0
1070,1,0
1071,1,0
1072,1,0
1073,1,0
1074,1,0
1075,1,0
1076,1,0
1077,1,0
1078,1,0
1079,1,0
1080,1,0
1081,1,0
1082,1,0
1083,1,0
1084,1,0
1085,1,0
1086,1,0
1087,1,0
1088,1,0
1089,1,0
1090,1,0
1091,1,0
1092,1,0
1093,1,0
1094,1,0
1095,1,0
1096,1,0
1097,1,0
1098,1,0
1099,1,0
1100,1,0
1101,1,0
1102,1,0
1103,1,0
1104,1,0
1105,1,0
1106,1,0
1107,1,0
1108,1,0
1109,1,0
1110,1,0
1111,1,0
1112,1,0
1113,1,0
1114,1,0
1115,1,0
1116,1,0
1117,1,0
1118,1,0
1119,1,0
1120,1,0
1121,1,0
1122,1,0
1123,1,0
1124,1,0
1125,1,0
1126,1,0
1127,1,0
1128,1,0
1129,1,0
1130,1,0
1131,1,0
1132,1,0
1133,1,0
1134,1,0
1135,1,0
1136,1,0
1137,1,0
1138,1,0
1139,1,0
1140,1,0
1141,1,0
1142,1,0
1143,1,0
1144,1,0
1145,1,0
1146,1,0
1147,1,0
1148,1,0
1149,1,0
1150,1,0
1151,1,0
1152,1,0
1153,1,0
1154,1,0
1155,1,0
1156,1,0
1157,1,0
1158,1,0
1159,1,0
1160,1,0
1161,1,0
1162,1,0
1163,1,0
1164,1,0
1165,1,0
1166,1,0
1167,1,0
1168,1,0
1169,1,0
1170,1,0
1171,1,0
1172,1,0
1173,1,0
1174,1,0
1175,1,0
1176,1,0
1177,1,0
1178,1,0
1179,1,0
1180,1,0
1181,1,0
1182,1,0
1183,1,0
1184,1,0
1185,1,0
1186,1,0
1187,1,0
1188,1,0
1189,1,0
1190,1,0
1191,1,0
1192,1,0
1193,1,0
1194,1,0
1195,1,0
1196,1,0
1197,1,0
1198,1,0
1199,1,0
1200,1,0
1201,1,0
1202,1,0
1203,1,0
1204,1,0
1205,1,0
1206,1,0
1207,1,0
1208,1,0
1209,1,0
1210,1,0
1211,1,0
1212,1,0
1213,1,0
1214,1,0
1215,1,0
1216,1,0
1217,1,0
1218,1,0
1219,1,0
1220,1,0
1221,1,0
1222,1,0
1223,1,0
1224,1,0
1225,1,0
1226,1,0
1227,1,0
1228,1,0
1229,1,0
1230,1,0
1231,1,0
1232,1,0
1233,1,0
1234,1,0
1235,1,0
1236,1,0
1237,1,0
1238,1,0
1239,1,0
1240,1,0
1241,1,0
1242,1,0
1243,1,0
1244,1,0
1245,1,0
1246,1,0
1247,1,0
1248,1,0
1249,1,0
1250,1,0
1251,1,0
1252,1,0
1253,1,0
1254,1,0
1255,1,0
1256,1,0
1257,1,0
1258,1,0
1259,1,0
1260,1,0
1261,1,0
1262,1,0
1263,1,0
1264,1,0
1265,1,0
1266,1,0
1267,1,0
1268,1,0
1269,1,0
1270,1,0
1271,1,0
1272,1,0
1273,1,0
1274,1,0
1275,1,0
1276,1,0
1277,1,0
1278,1,0
1279,1,0
1280,1,0
1281,1,0
1282,1,0
1283,1,0
1284,1,0
1285,1,0
1286,1,0
1287,1,0
1288,1,0
1289,1,0
1290,1,0
1291,1,0
1292,1,0
1293,1,0
1294,1,0
1295,1,0
1296,1,0
1297,1,0
1298,1,0
1299,1,0
1300,1,0
1301,1,0
1302,1,0
1303,1,0
1304,1,0
1305,1,0
1306,1,0
1307,1,0
1308,1,0
1309,1,0
1310,1,0
1311,1,0
1312,1,0
1313,1,0
1314,1,0
1315,1,0
1316,1,0
1317,1,0
1318,1,0
1319,1,0
1320,1,0
1321,1,0
1322,1,0
1323,1,0
1324,1,0
1325,1,0
1326,1,0
1327,1,0
1328,1,0
1329,1,0
1330,1,0
1331,1,0
1332,1,0
1333,1,0
1334,1,0
1335,1,0
1336,1,0
1337,1,0
1338,1,0
1339,1,0
1340,1,0
1341,1,0
1342,1,0
1343,1,0
1344,1,0
1345,1,0
1346,1,0
1347,1,0
1348,1,0
1349,1,0
1350,1,0
1351,1,0
1352,1,0
1353,1,0
1354,1,0
1355,1,0
1356,1,0
1357,1,0
1358,1,0
1359,1,0
1360,1,0
1361,1,0
1362,1,0
1363,1,0
1364,1,0
1365,1,0
1366,1,0
1367,1,0
1368,1,0
1369,1,0
1370,1,0
1371,1,0
1372,1,0
1373,1,0
1374,1,0
1375,1,0
1376,1,0
1377,1,0
1378,1,0
1379,1,0
1380,1,0
1381,1,0
1382,1,0
1383,1,0
1384,1,0
1385,1,0
1386,1,0
1387,1,0
1388,1,0
1389,1,0
1390,1,0
1391,1,0
1392,1,0
1393,1,0
1394,1,0
1395,1,0
1396,1,0
1397,1,0
1398,1,0
1399,1,0
1400,1,0
1401,1,0
1402,1,0
1403,1,0
1404,1,0
1405,1,0
1406,1,0
1407,1,0
1408,1,0
1409,1,0
1410,1,0
1411,1,0
1412,1,0
1413,1,0
1414,1,0
1415,1,0
1416,1,0
1417,1,0
1418,1,0
1419,1,0
1420,1,0
1421,1,0
1422,1,0
1423,1,0
1424,1,0
1425,1,0
1426,1,0
1427,1,0
1428,1,0
1429,1,0
1430,1,0
1431,1,0
1432,1,0
1433,1,0
1434,1,0
1435,1,0
1436,1,0
1437,1,0
1438,1,0
1439,1,0
1440,1,0
1441,1,0
1442,1,0
1443,1,0
1444,1,0
1445,1,0
1446,1,0
1447,1,0
1448,1,0
1449,1,0
1450,1,0
1451,1,0
1452,1,0
1453,1,0
1454,1,0
1455,1,0
1456,1,0
1457,1,0
1458,1,0
1459,1,0
1460,1,0
1461,1,0
1462,1,0
1463,1,0
1464,1,0
1465,1,0
1466,1,0
1467,1,0
1468,1,0
1469,1,0
1470,1,0
1471,1,0
1472,1,0
1473,1,0
1474,1,0
1475,1,0
1476,1,0
1477,1,0
1478,1,0
1479,1,0
1480,1,0
1481,1,0
1482,1,0
1483,1,0
1484,1,0
1485,1,0
1486,1,0
1487,1,0
1488,1,0
1489,1,0
1490,1,0
1491,1,0
1492,1,0
1493,1,0
1494,1,0
1495,1,0
1496,1,0
1497,1,0
1498,1,0
1499,1,0
1500,1,0
1501,1,0
1502,1,0
1503,1,0
1504,1,0
1505,1,0
1506,1,0
1507,1,0
1508,1,0
1509,1,0
1510,1,0
1511,1,0
1512,1,0
1513,1,0
1514,1,0
1515,1,0
1516,1,0
1517,1,0
1518,1,0
1519,1,0
1520,1,0
1521,1,0
1522,1,0
1523,1,0
1524,1,0
1525,1,0
1526,1,0
1527,1,0
1528,1,0
1529,1,0
1530,1,0
1531,1,0
1532,1,0
1533,1,0
1534,1,0
1535,1,0
1536,1,0
1537,1,0
1538,1,0
1539,1,0
1540,1,0
1541,1,0
1542,1,0
1543,1,0
1544,1,0
1545,1,0
1546,1,0
1547,1,0
1548,1,0
1549,1,0
1550,1,0
1551,1,0
1552,1,0
1553,1,0
1554,1,0
1555,1,0
1556,1,0
1557,1,0
1558,1,0
1559,1,0
1560,1,0
1561,1,0
1562,1,0
1563,1,0
1564,1,0
1565,1,0
1566,1,0
1567,1,0
1568,1,0
1569,1,0
1570,1,0
1571,1,0
1572,1,0
1573,1,0
1574,1,0
1575,1,0
1576,1,0
1577,1,0
1578,1,0
1579,1,0
1580,1,0
1581,1,0
1582,1,0
1583,1,0
1584,1,0
1585,1,0
1586,1,0
1587,1,0
1588,1,0
1589,1,0
1590,1,0
1591,1,0
1592,1,0
1593,1,0
1594,1,0
1595,1,0
1596,1,0
1597,1,0
1598,1,0
1599,1,0
1600,1,0
1601,1,0
1602,1,0
1603,1,0
1604,1,0
1605,1,0
1606,1,0
1607,1,0
1608,1,0
1609,1,0
1610,1,0
1611,1,0
1612,1,0
1613,1,0
1614,1,0
1615,1,0
1616,1,0
1617,1,0
1618,1,0
1619,1,0
1620,1,0
1621,1,0
1622,1,0
1623,1,0
1624,1,0
1625,1,0
1626,1,0
1627,1,0
1628,1,0
1629,1,0
1630,1,0
1631,1,0
1632,1,0
1633,1,0
1634,1,0
1635,1,0
1636,1,0
1637,1,0
1638,1,0
1639,1,0
1640,1,0
1641,1,0
1642,1,0
1643,1,0
1644,1,0
1645,1,0
1646,1,0
1647,1,0
1648,1,0
1649,1,0
1650,1,0
1651,1,0
1652,1,0
1653,1,0
1654,1,0
1655,1,0
1656,1,0
1657,1,0
1658,1,0
1659,1,0
1660,1,0
1661,1,0
1662,1,0
1663,1,0
1664,1,0
1665,1,0
1666,1,0
1667,1,0
1668,1,0
1669,1,0
1670,1,0
1671,1,0
1672,1,0
1673,1,0
1674,1,0
1675,1,0
1676,1,0
1677,1,0
1678,1,0
1679,1,0
1680,1,0
1681,1,0
1682,1,0
1683,1,0
1684,1,0
1685,1,0
1686,1,0
1687,1,0
1688,1,0
1689,1,0
1690,1,0
1691,1,0
1692,1,0
1693,1,0
1694,1,0
1695,1,0
1696,1,0
1697,1,0
1698,1,0
1699,1,0
1700,1,0
1701,1,0
1702,1,0
1703,1,0
1704,1,0
1705,1,0
1706,1,0
1707,1,0
1708,1,0
1709,1,0
1710,1,0
1711,1,0
1712,1,0
1713,1,0
1714,1,0
1715,1,0
1716,1,0
1717,1,0
1718,1,0
1719,1,0
1720,1,0
1721,1,0
1722,1,0
1723,1,0
1724,1,0
1725,1,0
1726,1,0
1727,1,0
1728,1,0
1729,1,0
1730,1,0
1731,1,0
1732,1,0
1733,1,0
1734,1,0
1735,1,0
1736,1,0
1737,1,0
1738,1,0
1739,1,0
1740,1,0
1741,1,0
1742,1,0
1743,1,0
1744,1,0
1745,1,0
1746,1,0
1747,1,0
1748,1,0
1749,1,0
1750,1,0
1751,1,0
1752,1,0
1753,1,0
1754,1,0
1755,1,0
1756,1,0
1757,1,0
1758,1,0
1759,1,0
1760,1,0
1761,1,0
1762,1,0
1763,1,0
1764,1,0
1765,1,0
1766,1,0
1767,1,0
1768,1,0
1769,1,0
1770,1,0
1771,1,0
1772,1,0
1773,1,0
1774,1,0
1775,1,0
1776,1,0
1777,1,0
1778,1,0
1779,1,0
1780,1,0
1781,1,0
1782,1,0
1783,1,0
1784,1,0
1785,1,0
1786,1,0
1787,1,0
1788,1,0
1,1,1
2,1,1
3,1,1
4,1,1
5,2,1
6,2,1
7,2,1
8,2,1
9,3,1
10,3,1
11,3,1
12,3,1
13,4,1
14,4,1
15,4,1
16,4,1
17,5,1
18,5,1
19,5,1
20,5,1
21,6,1
22,6,1
23,6,1
24,6,1
25,7,1
26,7,1
27,7,1
28,7,1
29,8,1
30,8,1
31,8,1
32,8,1
33,9,1
34,9,1
35,9,1
36,9,1
37,10,1
38,10,1
39,10,1
40,10,1
41,11,1
42,11,1
43,11,1
44,11,1
45,12,1
46,12,1
47,12,1
48,12,1
49,13,1
50,13,1
51,13,1
52,13,1
53,14,1
54,14,1
55,14,1
56,14,1
57,15,1
58,15,1
59,15,1
60,15,1
61,16,1
62,16,1
63,16,1
64,16,1
65,17,1
66,17,1
67,17,1
68,17,1
69,18,1
70,18,1
71,18,1
72,18,1
73,19,1
74,19,1
75,19,1
76,19,1
77,20,1
78,20,1
79,20,1
80,20,1
81,21,1
82,21,1
83,21,1
84,21,1
85,22,1
86,22,1
87,22,1
88,22,1
89,23,1
90,23,1
91,23,1
92,23,1
93,24,1
94,24,1
95,24,1
96,24,1
97,25,1
98,25,1
99,25,1
100,25,1
101,26,1
102,26,1
103,26,1
104,26,1
105,27,1
106,27,1
107,27,1
108,27,1
109,28,1
110,28,1
111,28,1
112,28,1
113,29,1
114,29,1
115,29,1
116,29,1
117,30,1
118,30,1
119,30,1
120,30,1
121,31,1
122,31,1
123,31,1
124,31,1
125,32,1
126,32,1
127,32,1
128,32,1
129,33,1
130,33,1
131,33,1
132,33,1
133,34,1
134,34,1
135,34,1
136,34,1
137,35,1
138,35,1
139,35,1
140,35,1
141,36,1
142,36,1
143,36,1
144,36,1
145,37,1
146,37,1
147,37,1
148,37,1
149,38,1
150,38,1
151,38,1
152,38,1
153,39,1
154,39,1
155,39,1
156,39,1
157,40,1
158,40,1
159,40,1
160,40,1
161,41,1
162,41,1
163,41,1
164,41,1
165,42,1
166,42,1
167,42,1
168,42,1
169,43,1
170,43,1
171,43,1
172,43,1
173,44,1
174,44,1
175,44,1
176,44,1
177,45,1
178,45,1
179,45,1
180,45,1
181,46,1
182,46,1
183,46,1
184,46,1
185,47,1
186,47,1
187,47,1
188,47,1
189,48,1
190,48,1
191,48,1
192,48,1
193,49,1
194,49,1
195,49,1
196,49,1
197,50,1
198,50,1
199,50,1
200,50,1
201,51,1
202,51,1
203,51,1
204,51,1
205,52,1
206,52,1
207,52,1
208,52,1
209,53,1
210,53,1
211,53,1
212,53,1
213,54,1
214,54,1
215,54,1
216,54,1
217,55,1
218,55,1
219,55,1
220,55,1
221,56,1
222,56,1
223,56,1
224,56,1
225,57,1
226,57,1
227,57,1
228,57,1
229,58,1
230,58,1
231,58,1
232,58,1
233,59,1
234,59,1
235,59,1
236,59,1
237,60,1
238,60,1
239,60,1
240,60,1
241,61,1
242,61,1
243,61,1
244,61,1
245,62,1
246,62,1
247,62,1
248,62,1
249,63,1
250,63,1
251,63,1
252,63,1
253,64,1
254,64,1
255,64,1
256,64,1
257,65,1
258,65,1
259,65,1
260,65,1
261,66,1
262,66,1
263,66,1
264,66,1
265,67,1
266,67,1
267,67,1
268,67,1
269,68,1
270,68,1
271,68,1
272,68,1
273,69,1
274,69,1
275,69,1
276,69,1
277,70,1
278,70,1
279,70,1
280,70,1
281,71,1
282,71,1
283,71,1
284,71,1
285,72,1
286,72,1
287,72,1
288,72,1
289,73,1
290,73,1
291,73,1
292,73,1
293,74,1
294,74,1
295,74,1
296,74,1
297,75,1
298,75,1
299,75,1
300,75,1
301,76,1
302,76,1
303,76,1
304,76,1
305,77,1
306,77,1
307,77,1
308,77,1
309,78,1
310,78,1
311,78,1
312,78,1
313,79,1
314,79,1
315,79,1
316,79,1
317,80,1
318,80,1
319,80,1
320,80,1
321,81,1
322,81,1
323,81,1
324,81,1
325,82,1
326,82,1
327,82,1
328,82,1
329,83,1
330,83,1
331,83,1
332,83,1
333,84,1
334,84,1
335,84,1
336,84,1
337,85,1
338,85,1
339,85,1
340,85,1
341,86,1
342,86,1
343,86,1
344,86,1
345,87,1
346,87,1
347,87,1
348,87,1
349,88,1
350,88,1
351,88,1
352,88,1
353,89,1
354,89,1
355,89,1
356,89,1
357,90,1
358,90,1
359,90,1
360,90,1
361,91,1
362,91,1
363,91,1
364,91,1
365,92,1
366,92,1
367,92,1
368,92,1
369,93,1
370,93,1
371,93,1
372,93,1
373,94,1
374,94,1
375,94,1
376,94,1
377,95,1
378,95,1
379,95,1
380,95,1
381,96,1
382,96,1
383,96,1
384,96,1
385,97,1
386,97,1
387,97,1
388,97,1
389,98,1
390,98,1
391,98,1
392,98,1
393,99,1
394,99,1
395,99,1
396,99,1
397,100,1
398,100,1
399,100,1
400,100,1
401,101,1
402,101,1
403,101,1
404,101,1
405,102,1
406,102,1
407,102,1
408,102,1
409,103,1
410,103,1
411,103,1
412,103,1
413,104,1
414,104,1
415,104,1
416,104,1
417,105,1
418,105,1
419,105,1
420,105,1
421,106,1
422,106,1
423,106,1
424,106,1
425,107,1
426,107,1
427,107,1
428,107,1
429,108,1
430,108,1
431,108,1
432,108,1
433,109,1
434,109,1
435,109,1
436,109,1
437,110,1
438,110,1
439,110,1
440,110,1
441,111,1
442,111,1
443,111,1
444,111,1
445,112,1
446,112,1
447,112,1
448,112,1
449,113,1
450,113,1
451,113,1
452,113,1
453,114,1
454,114,1
455,114,1
456,114,1
457,115,1
458,115,1
459,115,1
460,115,1
461,116,1
462,116,1
463,116,1
464,116,1
465,117,1
466,117,1
467,117,1
468,117,1
469,118,1
470,118,1
471,118,1
472,118,1
473,119,1
474,119,1
475,119,1
476,119,1
477,120,1
478,120,1
479,120,1
480,120,1
481,121,1
482,121,1
483,121,1
484,121,1
485,122,1
486,122,1
487,122,1
488,122,1
489,123,1
490,123,1
491,123,1
492,123,1
493,124,1
494,124,1
495,124,1
496,124,1
497,125,1
498,125,1
499,125,1
500,125,1
501,126,1
502,126,1
503,126,1
504,126,1
505,127,1
506,127,1
507,127,1
508,127,1
509,128,1
510,128,1
511,128,1
512,128,1
513,129,1
514,129,1
515,129,1
516,129,1
517,130,1
518,130,1
519,130,1
520,130,1
521,131,1
522,131,1
523,131,1
524,131,1
525,132,1
526,132,1
527,132,1
528,132,1
529,133,1
530,133,1
531,133,1
532,133,1
533,134,1
534,134,1
535,134,1
536,134,1
537,135,1
538,135,1
539,135,1
540,135,1
541,136,1
542,136,1
543,136,1
544,136,1
545,137,1
546,137,1
547,137,1
548,137,1
549,138,1
550,138,1
551,138,1
552,138,1
553,139,1
554,139,1
555,139,1
556,139,1
557,140,1
558,140,1
559,140,1
560,140,1
561,141,1
562,141,1
563,141,1
564,141,1
565,142,1
566,142,1
567,142,1
568,142,1
569,143,1
570,143,1
571,143,1
572,143,1
573,144,1
574,144,1
575,144,1
576,144,1
577,145,1
578,145,1
579,145,1
580,145,1
581,146,1
582,146,1
583,146,1
584,146,1
585,147,1
586,147,1
587,147,1
588,147,1
589,148,1
590,148,1
591,148,1
592,148,1
593,149,1
594,149,1
595,149,1
596,149,1
597,150,1
598,150,1
599,150,1
600,150,1
601,151,1
602,151,1
603,151,1
604,151,1
605,152,1
606,152,1
607,152,1
608,152,1
609,153,1
610,153,1
611,153,1
612,153,1
613,154,1
614,154,1
615,154,1
616,154,1
617,155,1
618,155,1
619,155,1
620,155,1
621,156,1
622,156,1
623,156,1
624,156,1
625,157,1
626,157,1
627,157,1
628,157,1
629,158,1
630,158,1
631,158,1
632,158,1
633,159,1
634,159,1
635,159,1
636,159,1
637,160,1
638,160,1
639,160,1
640,160,1
641,161,1
642,161,1
643,161,1
644,161,1
645,162,1
646,162,1
647,162,1
648,162,1
649,163,1
650,163,1
651,163,1
652,163,1
653,164,1
654,164,1
655,164,1
656,164,1
657,165,1
658,165,1
659,165,1
660,165,1
661,166,1
662,166,1
663,166,1
664,166,1
665,167,1
666,167,1
667,167,1
668,167,1
669,168,1
670,168,1
671,168,1
672,168,1
673,169,1
674,169,1
675,169,1
676,169,1
677,170,1
678,170,1
679,170,1
680,170,1
681,171,1
682,171,1
683,171,1
684,171,1
685,172,1
686,172,1
687,172,1
688,172,1
689,173,1
690,173,1
691,173,1
692,173,1
693,174,1
694,174,1
695,174,1
696,174,1
697,175,1
698,175,1
699,175,1
700,175,1
701,176,1
702,176,1
703,176,1
704,176,1
705,177,1
706,177,1
707,177,1
708,177,1
709,178,1
710,178,1
711,178,1
712,178,1
713,179,1
714,179,1
715,179,1
716,179,1
717,180,1
718,180,1
719,180,1
720,180,1
721,181,1
722,181,1
723,181,1
724,181,1
725,182,1
726,182,1
727,182,1
728,182,1
729,183,1
730,183,1
731,183,1
732,183,1
733,184,1
734,184,1
735,184,1
736,184,1
737,185,1
738,185,1
739,185,1
740,185,1
741,186,1
742,186,1
743,186,1
744,186,1
745,187,1
746,187,1
747,187,1
748,187,1
749,188,1
750,188,1
751,188,1
752,188,1
753,189,1
754,189,1
755,189,1
756,189,1
757,190,1
758,190,1
759,190,1
760,190,1
761,191,1
762,191,1
763,191,1
764,191,1
765,192,1
766,192,1
767,192,1
768,192,1
769,193,1
770,193,1
771,193,1
772,193,1
773,194,1
774,194,1
775,194,1
776,194,1
777,195,1
778,195,1
779,195,1
780,195,1
781,196,1
782,196,1
783,196,1
784,196,1
785,197,1
786,197,1
787,197,1
788,197,1
789,198,1
790,198,1
791,198,1
792,198,1
793,199,1
794,199,1
795,199,1
796,199,1
797,200,1
798,200,1
799,200,1
800,200,1
801,201,1
802,201,1
803,201,1
804,201,1
805,202,1
806,202,1
807,202,1
808,202,1
809,203,1
810,203,1
811,203,1
812,203,1
813,204,1
814,204,1
815,204,1
816,204,1
817,205,1
818,205,1
819,205,1
820,205,1
821,206,1
822,206,1
823,206,1
824,206,1
825,207,1
826,207,1
827,207,1
828,207,1
829,208,1
830,208,1
831,208,1
832,208,1
833,209,1
834,209,1
835,209,1
836,209,1
837,210,1
838,210,1
839,210,1
840,210,1
841,211,1
842,211,1
843,211,1
844,211,1
845,212,1
846,212,1
847,212,1
848,212,1
849,213,1
850,213,1
851,213,1
852,213,1
853,214,1
854,214,1
855,214,1
856,214,1
857,215,1
858,215,1
859,215,1
860,215,1
861,216,1
862,216,1
863,216,1
864,216,1
865,217,1
866,217,1
867,217,1
868,217,1
869,218,1
870,218,1
871,218,1
872,218,1
873,219,1
874,219,1
875,219,1
876,219,1
877,220,1
878,220,1
879,220,1
880,220,1
881,221,1
882,221,1
883,221,1
884,221,1
885,222,1
886,222,1
887,222,1
888,222,1
889,223,1
890,223,1
891,223,1
892,223,1
893,224,1
894,224,1
895,224,1
896,224,1
897,225,1
898,225,1
899,225,1
900,225,1
901,226,1
902,226,1
903,226,1
904,226,1
905,227,1
906,227,1
907,227,1
908,227,1
909,228,1
910,228,1
911,228,1
912,228,1
913,229,1
914,229,1
915,229,1
916,229,1
917,230,1
918,230,1
919,230,1
920,230,1
921,231,1
922,231,1
923,231,1
924,231,1
925,232,1
926,232,1
927,232,1
928,232,1
929,233,1
930,233,1
931,233,1
932,233,1
933,234,1
934,234,1
935,234,1
936,234,1
937,235,1
938,235,1
939,235,1
940,235,1
941,236,1
942,236,1
943,236,1
944,236,1
945,237,1
946,237,1
947,237,1
948,237,1
949,238,1
950,238,1
951,238,1
952,238,1
953,239,1
954,239,1
955,239,1
956,239,1
957,240,1
958,240,1
959,240,1
960,240,1
961,241,1
962,241,1
963,241,1
964,241,1
965,242,1
966,242,1
967,242,1
968,242,1
969,243,1
970,243,1
971,243,1
972,243,1
973,244,1
974,244,1
975,244,1
976,244,1
977,245,1
978,245,1
979,245,1
980,245,1
981,246,1
982,246,1
983,246,1
984,246,1
985,247,1
986,247,1
987,247,1
988,247,1
989,248,1
990,248,1
991,248,1
992,248,1
993,249,1
994,249,1
995,249,1
996,249,1
997,250,1
998,250,1
999,250,1
1000,250,1
1001,251,1
1002,251,1
1003,251,1
1004,251,1
1005,252,1
1006,252,1
1007,252,1
1008,252,1
1009,253,1
1010,253,1
1011,253,1
1012,253,1
1013,254,1
1014,254,1
1015,254,1
1016,254,1
1017,255,1
1018,255,1
1019,255,1
1020,255,1
1021,256,1
1022,256,1
1023,256,1
1024,256,1
1025,257,1
1026,257,1
1027,257,1
1028,257,1
1029,258,1
1030,258,1
1031,258,1
1032,258,1
1033,259,1
1034,259,1
1035,259,1
1036,259,1
1037,260,1
1038,260,1
1039,260,1
1040,260,1
1041,261,1
1042,261,1
1043,261,1
1044,261,1
1045,262,1
1046,262,1
1047,262,1
1048,262,1
1049,263,1
1050,263,1
1051,263,1
1052,263,1
1053,264,1
1054,264,1
1055,264,1
1056,264,1
1057,265,1
1058,265,1
1059,265,1
1060,265,1
1061,266,1
1062,266,1
1063,266,1
1064,266,1
1065,267,1
1066,267,1
1067,267,1
1068,267,1
1069,268,1
1070,268,1
1071,268,1
1072,268,1
1073,269,1
1074,269,1
1075,269,1
1076,269,1
1077,270,1
1078,270,1
1079,270,1
1080,270,1
1081,271,1
1082,271,1
1083,271,1
1084,271,1
1085,272,1
1086,272,1
1087,272,1
1088,272,1
1089,273,1
1090,273,1
1091,273,1
1092,273,1
1093,274,1
1094,274,1
1095,274,1
1096,274,1
1097,275,1
1098,275,1
1099,275,1
1100,275,1
1101,276,1
1102,276,1
1103,276,1
1104,276,1
1105,277,1
1106,277,1
1107,277,1
1108,277,1
1109,278,1
1110,278,1
1111,278,1
1112,278,1
1113,279,1
1114,279,1
1115,279,1
1116,279,1
1117,280,1
1118,280,1
1119,280,1
1120,280,1
1121,281,1
1122,281,1
1123,281,1
1124,281,1
1125,282,1
1126,282,1
1127,282,1
1128,282,1
1129,283,1
1130,283,1
1131,283,1
1132,283,1
1133,284,1
1134,284,1
1135,284,1
1136,284,1
1137,285,1
1138,285,1
1139,285,1
1140,285,1
1141,286,1
1142,286,1
1143,286,1
1144,286,1
1145,287,1
1146,287,1
1147,287,1
1148,287,1
1149,288,1
1150,288,1
1151,288,1
1152,288,1
1153,289,1
1154,289,1
1155,289,1
1156,289,1
1157,290,1
1158,290,1
1159,290,1
1160,290,1
1161,291,1
1162,291,1
1163,291,1
1164,291,1
1165,292,1
1166,292,1
1167,292,1
1168,292,1
1169,293,1
1170,293,1
1171,293,1
1172,293,1
1173,294,1
1174,294,1
1175,294,1
1176,294,1
1177,295,1
1178,295,1
1179,295,1
1180,295,1
1181,296,1
1182,296,1
1183,296,1
1184,296,1
1185,297,1
1186,297,1
1187,297,1
1188,297,1
1189,298,1
1190,298,1
1191,298,1
1192,298,1
1193,299,1
1194,299,1
1195,299,1
1196,299,1
1197,300,1
1198,300,1
1199,300,1
1200,300,1
1201,301,1
1202,301,1
1203,301,1
1204,301,1
1205,302,1
1206,302,1
1207,302,1
1208,302,1
1209,303,1
1210,303,1
1211,303,1
1212,303,1
1213,304,1
1214,304,1
1215,304,1
1216,304,1
1217,305,1
1218,305,1
1219,305,1
1220,305,1
1221,306,1
1222,306,1
1223,306,1
1224,306,1
1225,307,1
1226,307,1
1227,307,1
1228,307,1
1229,308,1
1230,308,1
1231,308,1
1232,308,1
1233,309,1
1234,309,1
1235,309,1
1236,309,1
1237,310,1
1238,310,1
1239,310,1
1240,310,1
1241,311,1
1242,311,1
1243,311,1
1244,311,1
1245,312,1
1246,312,1
1247,312,1
1248,312,1
1249,313,1
1250,313,1
1251,313,1
1252,313,1
1253,314,1
1254,314,1
1255,314,1
1256,314,1
1257,315,1
1258,315,1
1259,315,1
1260,315,1
1261,316,1
1262,316,1
1263,316,1
1264,316,1
1265,317,1
1266,317,1
1267,317,1
1268,317,1
1269,318,1
1270,318,1
1271,318,1
1272,318,1
1273,319,1
1274,319,1
1275,319,1
1276,319,1
1277,320,1
1278,320,1
1279,320,1
1280,320,1
1281,321,1
1282,321,1
1283,321,1
1284,321,1
1285,322,1
1286,322,1
1287,322,1
1288,322,1
1289,323,1
1290,323,1
1291,323,1
1292,323,1
1293,324,1
1294,324,1
1295,324,1
1296,324,1
1297,325,1
1298,325,1
1299,325,1
1300,325,1
1301,326,1
1302,326,1
1303,326,1
1304,326,1
1305,327,1
1306,327,1
1307,327,1
1308,327,1
1309,328,1
1310,328,1
1311,328,1
1312,328,1
1313,329,1
1314,329,1
1315,329,1
1316,329,1
1317,330,1
1318,330,1
1319,330,1
1320,330,1
1321,331,1
1322,331,1
1323,331,1
1324,331,1
1325,332,1
1326,332,1
1327,332,1
1328,332,1
1329,333,1
1330,333,1
1331,333,1
1332,333,1
1333,334,1
1334,334,1
1335,334,1
1336,334,1
1337,335,1
1338,335,1
1339,335,1
1340,335,1
1341,336,1
1342,336,1
1343,336,1
1344,336,1
1345,337,1
1346,337,1
1347,337,1
1348,337,1
1349,338,1
1350,338,1
1351,338,1
1352,338,1
1353,339,1
1354,339,1
1355,339,1
1356,339,1
1357,340,1
1358,340,1
1359,340,1
1360,340,1
1361,341,1
1362,341,1
1363,341,1
1364,341,1
1365,342,1
1366,342,1
1367,342,1
1368,342,1
1369,343,1
1370,343,1
1371,343,1
1372,343,1
1373,344,1
1374,344,1
1375,344,1
1376,344,1
1377,345,1
1378,345,1
1379,345,1
1380,345,1
1381,346,1
1382,346,1
1383,346,1
1384,346,1
1385,347,1
1386,347,1
1387,347,1
1388,347,1
1389,348,1
1390,348,1
1391,348,1
1392,348,1
1393,349,1
1394,349,1
1395,349,1
1396,349,1
1397,350,1
1398,350,1
1399,350,1
1400,350,1
1401,351,1
1402,351,1
1403,351,1
1404,351,1
1405,352,1
1406,352,1
1407,352,1
1408,352,1
1409,353,1
1410,353,1
1411,353,1
1412,353,1
1413,354,1
1414,354,1
1415,354,1
1416,354,1
1417,355,1
1418,355,1
1419,355,1
1420,355,1
1421,356,1
1422,356,1
1423,356,1
1424,356,1
1425,357,1
1426,357,1
1427,357,1
1428,357,1
1429,358,1
1430,358,1
1431,358,1
1432,358,1
1433,359,1
1434,359,1
1435,359,1
1436,359,1
1437,360,1
1438,360,1
1439,360,1
1440,360,1
1441,361,1
1442,361,1
1443,361,1
1444,361,1
1445,362,1
1446,362,1
1447,362,1
1448,362,1
1449,363,1
1450,363,1
1451,363,1
1452,363,1
1453,364,1
1454,364,1
1455,364,1
1456,364,1
1457,365,1
1458,365,1
1459,365,1
1460,365,1
1461,366,1
1462,366,1
1463,366,1
1464,366,1
1465,367,1
1466,367,1
1467,367,1
1468,367,1
1469,368,1
1470,368,1
1471,368,1
1472,368,1
1473,369,1
1474,369,1
1475,369,1
1476,369,1
1477,370,1
1478,370,1
1479,370,1
1480,370,1
1481,371,1
1482,371,1
1483,371,1
1484,371,1
1485,372,1
1486,372,1
1487,372,1
1488,372,1
1489,373,1
1490,373,1
1491,373,1
1492,373,1
1493,374,1
1494,374,1
1495,374,1
1496,374,1
1497,375,1
1498,375,1
1499,375,1
1500,375,1
1501,376,1
1502,376,1
1503,376,1
1504,376,1
1505,377,1
1506,377,1
1507,377,1
1508,377,1
1509,378,1
1510,378,1
1511,378,1
1512,378,1
1513,379,1
1514,379,1
1515,379,1
1516,379,1
1517,380,1
1518,380,1
1519,380,1
1520,380,1
1521,381,1
1522,381,1
1523,381,1
1524,381,1
1525,382,1
1526,382,1
1527,382,1
1528,382,1
1529,383,1
1530,383,1
1531,383,1
1532,383,1
1533,384,1
1534,384,1
1535,384,1
1536,384,1
1537,385,1
1538,385,1
1539,385,1
1540,385,1
1541,386,1
1542,386,1
1543,386,1
1544,386,1
1545,387,1
1546,387,1
1547,387,1
1548,387,1
1549,388,1
1550,388,1
1551,388,1
1552,388,1
1553,389,1
1554,389,1
1555,389,1
1556,389,1
1557,390,1
1558,390,1
1559,390,1
1560,390,1
1561,391,1
1562,391,1
1563,391,1
1564,391,1
1565,392,1
1566,392,1
1567,392,1
1568,392,1
1569,393,1
1570,393,1
1571,393,1
1572,393,1
1573,394,1
1574,394,1
1575,394,1
1576,394,1
1577,395,1
1578,395,1
1579,395,1
1580,395,1
1581,396,1
1582,396,1
1583,396,1
1584,396,1
1585,397,1
1586,397,1
1587,397,1
1588,397,1
1589,398,1
1590,398,1
1591,398,1
1592,398,1
1593,399,1
1594,399,1
1595,399,1
1596,399,1
1597,400,1
1598,400,1
1599,400,1
1600,400,1
1601,401,1
1602,401,1
1603,401,1
1604,401,1
1605,402,1
1606,402,1
1607,402,1
1608,402,1
1609,403,1
1610,403,1
1611,403,1
1612,403,1
1613,404,1
1614,404,1
1615,404,1
1616,404,1
1617,405,1
1618,405,1
1619,405,1
1620,405,1
1621,406,1
1622,406,1
1623,406,1
1624,406,1
1625,407,1
1626,407,1
1627,407,1
1628,407,1
1629,408,1
1630,408,1
1631,408,1
1632,408,1
1633,409,1
1634,409,1
1635,409,1
1636,409,1
1637,410,1
1638,410,1
1639,410,1
1640,410,1
1641,411,1
1642,411,1
1643,411,1
1644,411,1
1645,412,1
1646,412,1
1647,412,1
1648,412,1
1649,413,1
1650,413,1
1651,413,1
1652,413,1
1653,414,1
1654,414,1
1655,414,1
1656,414,1
1657,415,1
1658,415,1
1659,415,1
1660,415,1
1661,416,1
1662,416,1
1663,416,1
1664,416,1
1665,417,1
1666,417,1
1667,417,1
1668,417,1
1669,418,1
1670,418,1
1671,418,1
1672,418,1
1673,419,1
1674,419,1
1675,419,1
1676,419,1
1677,420,1
1678,420,1
1679,420,1
1680,420,1
1681,421,1
1682,421,1
1683,421,1
1684,421,1
1685,422,1
1686,422,1
1687,422,1
1688,422,1
1689,423,1
1690,423,1
1691,423,1
1692,423,1
1693,424,1
1694,424,1
1695,424,1
1696,424,1
1697,425,1
1698,425,1
1699,425,1
1700,425,1
1701,426,1
1702,426,1
1703,426,1
1704,426,1
1705,427,1
1706,427,1
1707,427,1
1708,427,1
1709,428,1
1710,428,1
1711,428,1
1712,428,1
1713,429,1
1714,429,1
1715,429,1
1716,429,1
1717,430,1
1718,430,1
1719,430,1
1720,430,1
1721,431,1
1722,431,1
1723,431,1
1724,431,1
1725,432,1
1726,432,1
1727,432,1
1728,432,1
1729,433,1
1730,433,1
1731,433,1
1732,433,1
1733,434,1
1734,434,1
1735,434,1
1736,434,1
1737,435,1
1738,435,1
1739,435,1
1740,435,1
1741,436,1
1742,436,1
1743,436,1
1744,436,1
1745,437,1
1746,437,1
1747,437,1
1748,437,1
1749,438,1
1750,438,1
1751,438,1
1752,438,1
1753,439,1
1754,439,1
1755,439,1
1756,439,1
1757,440,1
1758,440,1
1759,440,1
1760,440,1
1761,441,1
1762,441,1
1763,441,1
1764,441,1
1765,442,1
1766,442,1
1767,442,1
1768,442,1
1769,443,1
1770,443,1
1771,443,1
1772,443,1
1773,444,1
1774,444,1
1775,444,1
1776,444,1
1777,445,1
1778,445,1
1779,445,1
1780,445,1
1781,446,1
1782,446,1
1783,446,1
1784,446,1
1785,447,1
1786,447,1
1787,447,1
1788,447,1
1,2,2
2,2,2
3,2,2
4,2,2
5,1,2
6,1,2
7,1,2
8,1,2
9,1,2
10,1,2
11,1,2
12,1,2
13,1,2
14,1,2
15,1,2
16,1,2
17,2,2
18,2,2
19,2,2
20,2,2
21,1,2
22,1,2
23,1,2
24,1,2
25,1,2
26,1,2
27,1,2
28,1,2
29,2,2
30,2,2
31,2,2
32,2,2
33,2,2
34,2,2
35,2,2
36,2,2
37,2,2
38,2,2
39,2,2
40,2,2
41,2,2
42,2,2
43,2,2
44,2,2
45,1,2
46,1,2
47,1,2
48,1,2
49,2,2
50,2,2
51,2,2
52,2,2
53,2,2
54,2,2
55,2,2
56,2,2
57,1,2
58,1,2
59,1,2
60,1,2
61,1,2
62,1,2
63,1,2
64,1,2
65,1,2
66,1,2
67,1,2
68,1,2
69,1,2
70,1,2
71,1,2
72,1,2
73,1,2
74,1,2
75,1,2
76,1,2
77,1,2
78,1,2
79,1,2
80,1,2
81,1,2
82,1,2
83,1,2
84,1,2
85,1,2
86,1,2
87,1,2
88,1,2
89,1,2
90,1,2
91,1,2
92,1,2
93,1,2
94,1,2
95,1,2
96,1,2
97,1,2
98,1,2
99,1,2
100,1,2
101,1,2
102,1,2
103,1,2
104,1,2
105,2,2
106,2,2
107,2,2
108,2,2
109,1,2
110,1,2
111,1,2
112,1,2
113,1,2
114,1,2
115,1,2
116,1,2
117,1,2
118,1,2
119,1,2
120,1,2
121,2,2
122,2,2
123,2,2
124,2,2
125,1,2
126,1,2
127,1,2
128,1,2
129,1,2
130,1,2
131,1,2
132,1,2
133,1,2
134,1,2
135,1,2
136,1,2
137,1,2
138,1,2
139,1,2
140,1,2
141,2,2
142,2,2
143,2,2
144,2,2
145,1,2
146,1,2
147,1,2
148,1,2
149,2,2
150,2,2
151,2,2
152,2,2
153,2,2
154,2,2
155,2,2
156,2,2
157,2,2
158,2,2
159,2,2
160,2,2
161,2,2
162,2,2
163,2,2
164,2,2
165,2,2
166,2,2
167,2,2
168,2,2
169,2,2
170,2,2
171,2,2
172,2,2
173,1,2
174,1,2
175,1,2
176,1,2
177,2,2
178,2,2
179,2,2
180,2,2
181,4,2
182,4,2
183,4,2
184,4,2
185,1,2
186,1,2
187,1,2
188,1,2
189,1,2
190,1,2
191,1,2
192,1,2
193,2,2
194,2,2
195,2,2
196,2,2
197,1,2
198,1,2
199,1,2
200,1,2
201,1,2
202,1,2
203,1,2
204,1,2
205,1,2
206,1,2
207,1,2
208,1,2
209,1,2
210,1,2
211,1,2
212,1,2
213,1,2
214,1,2
215,1,2
216,1,2
217,2,2
218,2,2
219,2,2
220,2,2
221,1,2
222,1,2
223,1,2
224,1,2
225,1,2
226,1,2
227,1,2
228,1,2
229,2,2
230,2,2
231,2,2
232,2,2
233,2,2
234,2,2
235,2,2
236,2,2
237,2,2
238,2,2
239,2,2
240,2,2
241,2,2
242,2,2
243,2,2
244,2,2
245,2,2
246,2,2
247,2,2
248,2,2
249,1,2
250,1,2
251,1,2
252,1,2
253,1,2
254,1,2
255,1,2
256,1,2
257,1,2
258,1,2
259,1,2
260,1,2
261,2,2
262,2,2
263,2,2
264,2,2
265,1,2
266,1,2
267,1,2
268,1,2
269,2,2
270,2,2
271,2,2
272,2,2
273,2,2
274,2,2
275,2,2
276,2,2
277,2,2
278,2,2
279,2,2
280,2,2
281,2,2
282,2,2
283,2,2
284,2,2
285,2,2
286,2,2
287,2,2
288,2,2
289,2,2
290,2,2
291,2,2
292,2,2
293,2,2
294,2,2
295,2,2
296,2,2
297,2,2
298,2,2
299,2,2
300,2,2
301,2,2
302,2,2
303,2,2
304,2,2
305,2,2
306,2,2
307,2,2
308,2,2
309,2,2
310,2,2
311,2,2
312,2,2
313,1,2
314,1,2
315,1,2
316,1,2
317,2,2
318,2,2
319,2,2
320,2,2
321,1,2
322,1,2
323,1,2
324,1,2
325,1,2
326,1,2
327,1,2
328,1,2
329,1,2
330,1,2
331,1,2
332,1,2
333,1,2
334,1,2
335,1,2
336,1,2
337,1,2
338,1,2
339,1,2
340,1,2
341,1,2
342,1,2
343,1,2
344,1,2
345,1,2
346,1,2
347,1,2
348,1,2
349,2,2
350,2,2
351,2,2
352,2,2
353,1,2
354,1,2
355,1,2
356,1,2
357,1,2
358,1,2
359,1,2
360,1,2
361,1,2
362,1,2
363,1,2
364,1,2
365,1,2
366,1,2
367,1,2
368,1,2
369,2,2
370,2,2
371,2,2
372,2,2
373,1,2
374,1,2
375,1,2
376,1,2
377,1,2
378,1,2
379,1,2
380,1,2
381,1,2
382,1,2
383,1,2
384,1,2
385,2,2
386,2,2
387,2,2
388,2,2
389,2,2
390,2,2
391,2,2
392,2,2
393,2,2
394,2,2
395,2,2
396,2,2
397,2,2
398,2,2
399,2,2
400,2,2
401,2,2
402,2,2
403,2,2
404,2,2
405,2,2
406,2,2
407,2,2
408,2,2
409,1,2
410,1,2
411,1,2
412,1,2
413,1,2
414,1,2
415,1,2
416,1,2
417,1,2
418,1,2
419,1,2
420,1,2
421,1,2
422,1,2
423,1,2
424,1,2
425,1,2
426,1,2
427,1,2
428,1,2
429,1,2
430,1,2
431,1,2
432,1,2
433,1,2
434,1,2
435,1,2
436,1,2
437,2,2
438,2,2
439,2,2
440,2,2
441,2,2
442,2,2
443,2,2
444,2,2
445,2,2
446,2,2
447,2,2
448,2,2
449,1,2
450,1,2
451,1,2
452,1,2
453,1,2
454,1,2
455,1,2
456,1,2
457,2,2
458,2,2
459,2,2
460,2,2
461,2,2
462,2,2
463,2,2
464,2,2
465,2,2
466,2,2
467,2,2
468,2,2
469,2,2
470,2,2
471,2,2
472,2,2
473,2,2
474,2,2
475,2,2
476,2,2
477,2,2
478,2,2
479,2,2
480,2,2
481,2,2
482,2,2
483,2,2
484,2,2
485,1,2
486,1,2
487,1,2
488,1,2
489,1,2
490,1,2
491,1,2
492,1,2
493,2,2
494,2,2
495,2,2
496,2,2
497,1,2
498,1,2
499,1,2
500,1,2
501,1,2
502,1,2
503,1,2
504,1,2
505,1,2
506,1,2
507,1,2
508,1,2
509,1,2
510,1,2
511,1,2
512,1,2
513,2,2
514,2,2
515,2,2
516,2,2
517,1,2
518,1,2
519,1,2
520,1,2
521,1,2
522,1,2
523,1,2
524,1,2
525,2,2
526,2,2
527,2,2
528,2,2
529,2,2
530,2,2
531,2,2
532,2,2
533,1,2
534,1,2
535,1,2
536,1,2
537,1,2
538,1,2
539,1,2
540,1,2
541,1,2
542,1,2
543,1,2
544,1,2
545,1,2
546,1,2
547,1,2
548,1,2
549,1,2
550,1,2
551,1,2
552,1,2
553,1,2
554,1,2
555,1,2
556,1,2
557,1,2
558,1,2
559,1,2
560,1,2
561,1,2
562,1,2
563,1,2
564,1,2
565,1,2
566,1,2
567,1,2
568,1,2
569,2,2
570,2,2
571,2,2
572,2,2
573,2,2
574,2,2
575,2,2
576,2,2
577,2,2
578,2,2
579,2,2
580,2,2
581,2,2
582,2,2
583,2,2
584,2,2
585,2,2
586,2,2
587,2,2
588,2,2
589,2,2
590,2,2
591,2,2
592,2,2
593,1,2
594,1,2
595,1,2
596,1,2
597,1,2
598,1,2
599,1,2
600,1,2
601,2,2
602,2,2
603,2,2
604,2,2
605,1,2
606,1,2
607,1,2
608,1,2
609,2,2
610,2,2
611,2,2
612,2,2
613,2,2
614,2,2
615,2,2
616,2,2
617,2,2
618,2,2
619,2,2
620,2,2
621,2,2
622,2,2
623,2,2
624,2,2
625,2,2
626,2,2
627,2,2
628,2,2
629,2,2
630,2,2
631,2,2
632,2,2
633,2,2
634,2,2
635,2,2
636,2,2
637,2,2
638,2,2
639,2,2
640,2,2
641,2,2
642,2,2
643,2,2
644,2,2
645,2,2
646,2,2
647,2,2
648,2,2
649,2,2
650,2,2
651,2,2
652,2,2
653,2,2
654,2,2
655,2,2
656,2,2
657,2,2
658,2,2
659,2,2
660,2,2
661,2,2
662,2,2
663,2,2
664,2,2
665,2,2
666,2,2
667,2,2
668,2,2
669,2,2
670,2,2
671,2,2
672,2,2
673,2,2
674,2,2
675,2,2
676,2,2
677,2,2
678,2,2
679,2,2
680,2,2
681,2,2
682,2,2
683,2,2
684,2,2
685,2,2
686,2,2
687,2,2
688,2,2
689,2,2
690,2,2
691,2,2
692,2,2
693,2,2
694,2,2
695,2,2
696,2,2
697,2,2
698,2,2
699,2,2
700,2,2
701,2,2
702,2,2
703,2,2
704,2,2
705,1,2
706,1,2
707,1,2
708,1,2
709,1,2
710,1,2
711,1,2
712,1,2
713,1,2
714,1,2
715,1,2
716,1,2
717,1,2
718,1,2
719,1,2
720,1,2
721,2,2
722,2,2
723,2,2
724,2,2
725,2,2
726,2,2
727,2,2
728,2,2
729,1,2
730,1,2
731,1,2
732,1,2
733,2,2
734,2,2
735,2,2
736,2,2
737,1,2
738,1,2
739,1,2
740,1,2
741,1,2
742,1,2
743,1,2
744,1,2
745,1,2
746,1,2
747,1,2
748,1,2
749,1,2
750,1,2
751,1,2
752,1,2
753,1,2
754,1,2
755,1,2
756,1,2
757,1,2
758,1,2
759,1,2
760,1,2
761,1,2
762,1,2
763,1,2
764,1,2
765,1,2
766,1,2
767,1,2
768,1,2
769,1,2
770,1,2
771,1,2
772,1,2
773,2,2
774,2,2
775,2,2
776,2,2
777,2,2
778,2,2
779,2,2
780,2,2
781,1,2
782,1,2
783,1,2
784,1,2
785,1,2
786,1,2
787,1,2
788,1,2
789,2,2
790,2,2
791,2,2
792,2,2
793,1,2
794,1,2
795,1,2
796,1,2
797,1,2
798,1,2
799,1,2
800,1,2
801,1,2
802,1,2
803,1,2
804,1,2
805,1,2
806,1,2
807,1,2
808,1,2
809,1,2
810,1,2
811,1,2
812,1,2
813,1,2
814,1,2
815,1,2
816,1,2
817,1,2
818,1,2
819,1,2
820,1,2
821,2,2
822,2,2
823,2,2
824,2,2
825,1,2
826,1,2
827,1,2
828,1,2
829,1,2
830,1,2
831,1,2
832,1,2
833,1,2
834,1,2
835,1,2
836,1,2
837,1,2
838,1,2
839,1,2
840,1,2
841,1,2
842,1,2
843,1,2
844,1,2
845,1,2
846,1,2
847,1,2
848,1,2
849,1,2
850,1,2
851,1,2
852,1,2
853,1,2
854,1,2
855,1,2
856,1,2
857,1,2
858,1,2
859,1,2
860,1,2
861,1,2
862,1,2
863,1,2
864,1,2
865,2,2
866,2,2
867,2,2
868,2,2
869,2,2
870,2,2
871,2,2
872,2,2
873,1,2
874,1,2
875,1,2
876,1,2
877,1,2
878,1,2
879,1,2
880,1,2
881,1,2
882,1,2
883,1,2
884,1,2
885,1,2
886,1,2
887,1,2
888,1,2
889,1,2
890,1,2
891,1,2
892,1,2
893,1,2
894,1,2
895,1,2
896,1,2
897,1,2
898,1,2
899,1,2
900,1,2
901,1,2
902,1,2
903,1,2
904,1,2
905,1,2
906,1,2
907,1,2
908,1,2
909,1,2
910,1,2
911,1,2
912,1,2
913,2,2
914,2,2
915,2,2
916,2,2
917,1,2
918,1,2
919,1,2
920,1,2
921,1,2
922,1,2
923,1,2
924,1,2
925,1,2
926,1,2
927,1,2
928,1,2
929,1,2
930,1,2
931,1,2
932,1,2
933,1,2
934,1,2
935,1,2
936,1,2
937,1,2
938,1,2
939,1,2
940,1,2
941,1,2
942,1,2
943,1,2
944,1,2
945,1,2
946,1,2
947,1,2
948,1,2
949,1,2
950,1,2
951,1,2
952,1,2
953,1,2
954,1,2
955,1,2
956,1,2
957,2,2
958,2,2
959,2,2
960,2,2
961,2,2
962,2,2
963,2,2
964,2,2
965,1,2
966,1,2
967,1,2
968,1,2
969,1,2
970,1,2
971,1,2
972,1,2
973,1,2
974,1,2
975,1,2
976,1,2
977,1,2
978,1,2
979,1,2
980,1,2
981,1,2
982,1,2
983,1,2
984,1,2
985,1,2
986,1,2
987,1,2
988,1,2
989,2,2
990,2,2
991,2,2
992,2,2
993,2,2
994,2,2
995,2,2
996,2,2
997,1,2
998,1,2
999,1,2
1000,1,2
1001,2,2
1002,2,2
1003,2,2
1004,2,2
1005,1,2
1006,1,2
1007,1,2
1008,1,2
1009,1,2
1010,1,2
1011,1,2
1012,1,2
1013,1,2
1014,1,2
1015,1,2
1016,1,2
1017,1,2
1018,1,2
1019,1,2
1020,1,2
1021,1,2
1022,1,2
1023,1,2
1024,1,2
1025,1,2
1026,1,2
1027,1,2
1028,1,2
1029,2,2
1030,2,2
1031,2,2
1032,2,2
1033,1,2
1034,1,2
1035,1,2
1036,1,2
1037,1,2
1038,1,2
1039,1,2
1040,1,2
1041,1,2
1042,1,2
1043,1,2
1044,1,2
1045,2,2
1046,2,2
1047,2,2
1048,2,2
1049,1,2
1050,1,2
1051,1,2
1052,1,2
1053,2,2
1054,2,2
1055,2,2
1056,2,2
1057,2,2
1058,2,2
1059,2,2
1060,2,2
1061,1,2
1062,1,2
1063,1,2
1064,1,2
1065,2,2
1066,2,2
1067,2,2
1068,2,2
1069,2,2
1070,2,2
1071,2,2
1072,2,2
1073,2,2
1074,2,2
1075,2,2
1076,2,2
1077,2,2
1078,2,2
1079,2,2
1080,2,2
1081,1,2
1082,1,2
1083,1,2
1084,1,2
1085,1,2
1086,1,2
1087,1,2
1088,1,2
1089,2,2
1090,2,2
1091,2,2
1092,2,2
1093,1,2
1094,1,2
1095,1,2
1096,1,2
1097,1,2
1098,1,2
1099,1,2
1100,1,2
1101,1,2
1102,1,2
1103,1,2
1104,1,2
1105,1,2
1106,1,2
1107,1,2
1108,1,2
1109,1,2
1110,1,2
1111,1,2
1112,1,2
1113,1,2
1114,1,2
1115,1,2
1116,1,2
1117,1,2
1118,1,2
1119,1,2
1120,1,2
1121,1,2
1122,1,2
1123,1,2
1124,1,2
1125,2,2
1126,2,2
1127,2,2
1128,2,2
1129,2,2
1130,2,2
1131,2,2
1132,2,2
1133,2,2
1134,2,2
1135,2,2
1136,2,2
1137,2,2
1138,2,2
1139,2,2
1140,2,2
1141,2,2
1142,2,2
1143,2,2
1144,2,2
1145,2,2
1146,2,2
1147,2,2
1148,2,2
1149,2,2
1150,2,2
1151,2,2
1152,2,2
1153,2,2
1154,2,2
1155,2,2
1156,2,2
1157,2,2
1158,2,2
1159,2,2
1160,2,2
1161,2,2
1162,2,2
1163,2,2
1164,2,2
1165,2,2
1166,2,2
1167,2,2
1168,2,2
1169,2,2
1170,2,2
1171,2,2
1172,2,2
1173,2,2
1174,2,2
1175,2,2
1176,2,2
1177,2,2
1178,2,2
1179,2,2
1180,2,2
1181,2,2
1182,2,2
1183,2,2
1184,2,2
1185,2,2
1186,2,2
1187,2,2
1188,2,2
1189,2,2
1190,2,2
1191,2,2
1192,2,2
1193,2,2
1194,2,2
1195,2,2
1196,2,2
1197,2,2
1198,2,2
1199,2,2
1200,2,2
1201,1,2
1202,1,2
1203,1,2
1204,1,2
1205,1,2
1206,1,2
1207,1,2
1208,1,2
1209,1,2
1210,1,2
1211,1,2
1212,1,2
1213,1,2
1214,1,2
1215,1,2
1216,1,2
1217,2,2
1218,2,2
1219,2,2
1220,2,2
1221,2,2
1222,2,2
1223,2,2
1224,2,2
1225,2,2
1226,2,2
1227,2,2
1228,2,2
1229,2,2
1230,2,2
1231,2,2
1232,2,2
1233,2,2
1234,2,2
1235,2,2
1236,2,2
1237,2,2
1238,2,2
1239,2,2
1240,2,2
1241,2,2
1242,2,2
1243,2,2
1244,2,2
1245,2,2
1246,2,2
1247,2,2
1248,2,2
1249,2,2
1250,2,2
1251,2,2
1252,2,2
1253,2,2
1254,2,2
1255,2,2
1256,2,2
1257,2,2
1258,2,2
1259,2,2
1260,2,2
1261,1,2
1262,1,2
1263,1,2
1264,1,2
1265,2,2
1266,2,2
1267,2,2
1268,2,2
1269,1,2
1270,1,2
1271,1,2
1272,1,2
1273,1,2
1274,1,2
1275,1,2
1276,1,2
1277,1,2
1278,1,2
1279,1,2
1280,1,2
1281,1,2
1282,1,2
1283,1,2
1284,1,2
1285,1,2
1286,1,2
1287,1,2
1288,1,2
1289,2,2
1290,2,2
1291,2,2
1292,2,2
1293,2,2
1294,2,2
1295,2,2
1296,2,2
1297,2,2
1298,2,2
1299,2,2
1300,2,2
1301,2,2
1302,2,2
1303,2,2
1304,2,2
1305,1,2
1306,1,2
1307,1,2
1308,1,2
1309,1,2
1310,1,2
1311,1,2
1312,1,2
1313,2,2
1314,2,2
1315,2,2
1316,2,2
1317,2,2
1318,2,2
1319,2,2
1320,2,2
1321,2,2
1322,2,2
1323,2,2
1324,2,2
1325,2,2
1326,2,2
1327,2,2
1328,2,2
1329,2,2
1330,2,2
1331,2,2
1332,2,2
1333,2,2
1334,2,2
1335,2,2
1336,2,2
1337,2,2
1338,2,2
1339,2,2
1340,2,2
1341,2,2
1342,2,2
1343,2,2
1344,2,2
1345,2,2
1346,2,2
1347,2,2
1348,2,2
1349,2,2
1350,2,2
1351,2,2
1352,2,2
1353,2,2
1354,2,2
1355,2,2
1356,2,2
1357,2,2
1358,2,2
1359,2,2
1360,2,2
1361,2,2
1362,2,2
1363,2,2
1364,2,2
1365,2,2
1366,2,2
1367,2,2
1368,2,2
1369,2,2
1370,2,2
1371,2,2
1372,2,2
1373,1,2
1374,1,2
1375,1,2
1376,1,2
1377,1,2
1378,1,2
1379,1,2
1380,1,2
1381,1,2
1382,1,2
1383,1,2
1384,1,2
1385,1,2
1386,1,2
1387,1,2
1388,1,2
1389,1,2
1390,1,2
1391,1,2
1392,1,2
1393,2,2
1394,2,2
1395,2,2
1396,2,2
1397,2,2
1398,2,2
1399,2,2
1400,2,2
1401,2,2
1402,2,2
1403,2,2
1404,2,2
1405,2,2
1406,2,2
1407,2,2
1408,2,2
1409,2,2
1410,2,2
1411,2,2
1412,2,2
1413,2,2
1414,2,2
1415,2,2
1416,2,2
1417,2,2
1418,2,2
1419,2,2
1420,2,2
1421,1,2
1422,1,2
1423,1,2
1424,1,2
1425,1,2
1426,1,2
1427,1,2
1428,1,2
1429,1,2
1430,1,2
1431,1,2
1432,1,2
1433,2,2
1434,2,2
1435,2,2
1436,2,2
1437,2,2
1438,2,2
1439,2,2
1440,2,2
1441,2,2
1442,2,2
1443,2,2
1444,2,2
1445,2,2
1446,2,2
1447,2,2
1448,2,2
1449,2,2
1450,2,2
1451,2,2
1452,2,2
1453,3,2
1454,3,2
1455,3,2
1456,3,2
1457,1,2
1458,1,2
1459,1,2
1460,1,2
1461,1,2
1462,1,2
1463,1,2
1464,1,2
1465,1,2
1466,1,2
1467,1,2
1468,1,2
1469,1,2
1470,1,2
1471,1,2
1472,1,2
1473,1,2
1474,1,2
1475,1,2
1476,1,2
1477,1,2
1478,1,2
1479,1,2
1480,1,2
1481,1,2
1482,1,2
1483,1,2
1484,1,2
1485,1,2
1486,1,2
1487,1,2
1488,1,2
1489,2,2
1490,2,2
1491,2,2
1492,2,2
1493,1,2
1494,1,2
1495,1,2
1496,1,2
1497,1,2
1498,1,2
1499,1,2
1500,1,2
1501,1,2
1502,1,2
1503,1,2
1504,1,2
1505,1,2
1506,1,2
1507,1,2
1508,1,2
1509,1,2
1510,1,2
1511,1,2
1512,1,2
1513,1,2
1514,1,2
1515,1,2
1516,1,2
1517,1,2
1518,1,2
1519,1,2
1520,1,2
1521,1,2
1522,1,2
1523,1,2
1524,1,2
1525,2,2
1526,2,2
1527,2,2
1528,2,2
1529,2,2
1530,2,2
1531,2,2
1532,2,2
1533,2,2
1534,2,2
1535,2,2
1536,2,2
1537,2,2
1538,2,2
1539,2,2
1540,2,2
1541,1,2
1542,1,2
1543,1,2
1544,1,2
1545,1,2
1546,1,2
1547,1,2
1548,1,2
1549,1,2
1550,1,2
1551,1,2
1552,1,2
1553,2,2
1554,2,2
1555,2,2
1556,2,2
1557,2,2
1558,2,2
1559,2,2
1560,2,2
1561,2,2
1562,2,2
1563,2,2
1564,2,2
1565,2,2
1566,2,2
1567,2,2
1568,2,2
1569,1,2
1570,1,2
1571,1,2
1572,1,2
1573,2,2
1574,2,2
1575,2,2
1576,2,2
1577,2,2
1578,2,2
1579,2,2
1580,2,2
1581,2,2
1582,2,2
1583,2,2
1584,2,2
1585,2,2
1586,2,2
1587,2,2
1588,2,2
1589,2,2
1590,2,2
1591,2,2
1592,2,2
1593,2,2
1594,2,2
1595,2,2
1596,2,2
1597,2,2
1598,2,2
1599,2,2
1600,2,2
1601,2,2
1602,2,2
1603,2,2
1604,2,2
1605,2,2
1606,2,2
1607,2,2
1608,2,2
1609,2,2
1610,2,2
1611,2,2
1612,2,2
1613,1,2
1614,1,2
1615,1,2
1616,1,2
1617,2,2
1618,2,2
1619,2,2
1620,2,2
1621,2,2
1622,2,2
1623,2,2
1624,2,2
1625,2,2
1626,2,2
1627,2,2
1628,2,2
1629,2,2
1630,2,2
1631,2,2
1632,2,2
1633,2,2
1634,2,2
1635,2,2
1636,2,2
1637,2,2
1638,2,2
1639,2,2
1640,2,2
1641,2,2
1642,2,2
1643,2,2
1644,2,2
1645,2,2
1646,2,2
1647,2,2
1648,2,2
1649,2,2
1650,2,2
1651,2,2
1652,2,2
1653,2,2
1654,2,2
1655,2,2
1656,2,2
1657,1,2
1658,1,2
1659,1,2
1660,1,2
1661,2,2
1662,2,2
1663,2,2
1664,2,2
1665,2,2
1666,2,2
1667,2,2
1668,2,2
1669,2,2
1670,2,2
1671,2,2
1672,2,2
1673,1,2
1674,1,2
1675,1,2
1676,1,2
1677,1,2
1678,1,2
1679,1,2
1680,1,2
1681,1,2
1682,1,2
1683,1,2
1684,1,2
1685,1,2
1686,1,2
1687,1,2
1688,1,2
1689,1,2
1690,1,2
1691,1,2
1692,1,2
1693,2,2
1694,2,2
1695,2,2
1696,2,2
1697,2,2
1698,2,2
1699,2,2
1700,2,2
1701,1,2
1702,1,2
1703,1,2
1704,1,2
1705,1,2
1706,1,2
1707,1,2
1708,1,2
1709,2,2
1710,2,2
1711,2,2
1712,2,2
1713,2,2
1714,2,2
1715,2,2
1716,2,2
1717,2,2
1718,2,2
1719,2,2
1720,2,2
1721,2,2
1722,2,2
1723,2,2
1724,2,2
1725,2,2
1726,2,2
1727,2,2
1728,2,2
1729,1,2
1730,1,2
1731,1,2
1732,1,2
1733,1,2
1734,1,2
1735,1,2
1736,1,2
1737,2,2
1738,2,2
1739,2,2
1740,2,2
1741,2,2
1742,2,2
1743,2,2
1744,2,2
1745,1,2
1746,1,2
1747,1,2
1748,1,2
1749,2,2
1750,2,2
1751,2,2
1752,2,2
1753,1,2
1754,1,2
1755,1,2
1756,1,2
1757,1,2
1758,1,2
1759,1,2
1760,1,2
1761,2,2
1762,2,2
1763,2,2
1764,2,2
1765,2,2
1766,2,2
1767,2,2
1768,2,2
1769,2,2
1770,2,2
1771,2,2
1772,2,2
1773,2,2
1774,2,2
1775,2,2
1776,2,2
1777,1,2
1778,1,2
1779,1,2
1780,1,2
1781,1,2
1782,1,2
1783,1,2
1784,1,2
1785,2,2
1786,2,2
1787,2,2
1788,2,2
1,1,3
2,1,3
3,1,3
4,1,3
5,4,3
6,4,3
7,4,3
8,4,3
9,4,3
10,4,3
11,4,3
12,4,3
13,3,3
14,3,3
15,3,3
16,3,3
17,3,3
18,3,3
19,3,3
20,3,3
21,2,3
22,2,3
23,2,3
24,2,3
25,4,3
26,4,3
27,4,3
28,4,3
29,5,3
30,5,3
31,5,3
32,5,3
33,6,3
34,6,3
35,6,3
36,6,3
37,7,3
38,7,3
39,7,3
40,7,3
41,8,3
42,8,3
43,8,3
44,8,3
45,1,3
46,1,3
47,1,3
48,1,3
49,8,3
50,8,3
51,8,3
52,8,3
53,9,3
54,9,3
55,9,3
56,9,3
57,8,3
58,8,3
59,8,3
60,8,3
61,8,3
62,8,3
63,8,3
64,8,3
65,8,3
66,8,3
67,8,3
68,8,3
69,8,3
70,8,3
71,8,3
72,8,3
73,8,3
74,8,3
75,8,3
76,8,3
77,5,3
78,5,3
79,5,3
80,5,3
81,5,3
82,5,3
83,5,3
84,5,3
85,8,3
86,8,3
87,8,3
88,8,3
89,7,3
90,7,3
91,7,3
92,7,3
93,7,3
94,7,3
95,7,3
96,7,3
97,5,3
98,5,3
99,5,3
100,5,3
101,10,3
102,10,3
103,10,3
104,10,3
105,10,3
106,10,3
107,10,3
108,10,3
109,11,3
110,11,3
111,11,3
112,11,3
113,11,3
114,11,3
115,11,3
116,11,3
117,11,3
118,11,3
119,11,3
120,11,3
121,11,3
122,11,3
123,11,3
124,11,3
125,11,3
126,11,3
127,11,3
128,11,3
129,1,3
130,1,3
131,1,3
132,1,3
133,11,3
134,11,3
135,11,3
136,11,3
137,11,3
138,11,3
139,11,3
140,11,3
141,11,3
142,11,3
143,11,3
144,11,3
145,12,3
146,12,3
147,12,3
148,12,3
149,9,3
150,9,3
151,9,3
152,9,3
153,9,3
154,9,3
155,9,3
156,9,3
157,9,3
158,9,3
159,9,3
160,9,3
161,9,3
162,9,3
163,9,3
164,9,3
165,9,3
166,9,3
167,9,3
168,9,3
169,9,3
170,9,3
171,9,3
172,9,3
173,1,3
174,1,3
175,1,3
176,1,3
177,9,3
178,9,3
179,9,3
180,9,3
181,9,3
182,9,3
183,9,3
184,9,3
185,6,3
186,6,3
187,6,3
188,6,3
189,13,3
190,13,3
191,13,3
192,13,3
193,14,3
194,14,3
195,14,3
196,14,3
197,8,3
198,8,3
199,8,3
200,8,3
201,8,3
202,8,3
203,8,3
204,8,3
205,8,3
206,8,3
207,8,3
208,8,3
209,8,3
210,8,3
211,8,3
212,8,3
213,15,3
214,15,3
215,15,3
216,15,3
217,1,3
218,1,3
219,1,3
220,1,3
221,16,3
222,16,3
223,16,3
224,16,3
225,16,3
226,16,3
227,16,3
228,16,3
229,17,3
230,17,3
231,17,3
232,17,3
233,17,3
234,17,3
235,17,3
236,17,3
237,17,3
238,17,3
239,17,3
240,17,3
241,17,3
242,17,3
243,17,3
244,17,3
245,18,3
246,18,3
247,18,3
248,18,3
249,18,3
250,18,3
251,18,3
252,18,3
253,9,3
254,9,3
255,9,3
256,9,3
257,9,3
258,9,3
259,9,3
260,9,3
261,1,3
262,1,3
263,1,3
264,1,3
265,11,3
266,11,3
267,11,3
268,11,3
269,8,3
270,8,3
271,8,3
272,8,3
273,11,3
274,11,3
275,11,3
276,11,3
277,11,3
278,11,3
279,11,3
280,11,3
281,1,3
282,1,3
283,1,3
284,1,3
285,16,3
286,16,3
287,16,3
288,16,3
289,19,3
290,19,3
291,19,3
292,19,3
293,20,3
294,20,3
295,20,3
296,20,3
297,20,3
298,20,3
299,20,3
300,20,3
301,21,3
302,21,3
303,21,3
304,21,3
305,1,3
306,1,3
307,1,3
308,1,3
309,22,3
310,22,3
311,22,3
312,22,3
313,23,3
314,23,3
315,23,3
316,23,3
317,23,3
318,23,3
319,23,3
320,23,3
321,24,3
322,24,3
323,24,3
324,24,3
325,21,3
326,21,3
327,21,3
328,21,3
329,1,3
330,1,3
331,1,3
332,1,3
333,1,3
334,1,3
335,1,3
336,1,3
337,1,3
338,1,3
339,1,3
340,1,3
341,1,3
342,1,3
343,1,3
344,1,3
345,1,3
346,1,3
347,1,3
348,1,3
349,1,3
350,1,3
351,1,3
352,1,3
353,1,3
354,1,3
355,1,3
356,1,3
357,1,3
358,1,3
359,1,3
360,1,3
361,1,3
362,1,3
363,1,3
364,1,3
365,1,3
366,1,3
367,1,3
368,1,3
369,1,3
370,1,3
371,1,3
372,1,3
373,1,3
374,1,3
375,1,3
376,1,3
377,1,3
378,1,3
379,1,3
380,1,3
381,1,3
382,1,3
383,1,3
384,1,3
385,1,3
386,1,3
387,1,3
388,1,3
389,1,3
390,1,3
391,1,3
392,1,3
393,1,3
394,1,3
395,1,3
396,1,3
397,1,3
398,1,3
399,1,3
400,1,3
401,1,3
402,1,3
403,1,3
404,1,3
405,1,3
406,1,3
407,1,3
408,1,3
409,1,3
410,1,3
411,1,3
412,1,3
413,1,3
414,1,3
415,1,3
416,1,3
417,1,3
418,1,3
419,1,3
420,1,3
421,1,3
422,1,3
423,1,3
424,1,3
425,1,3
426,1,3
427,1,3
428,1,3
429,1,3
430,1,3
431,1,3
432,1,3
433,1,3
434,1,3
435,1,3
436,1,3
437,1,3
438,1,3
439,1,3
440,1,3
441,1,3
442,1,3
443,1,3
444,1,3
445,1,3
446,1,3
447,1,3
448,1,3
449,1,3
450,1,3
451,1,3
452,1,3
453,25,3
454,25,3
455,25,3
456,25,3
457,26,3
458,26,3
459,26,3
460,26,3
461,26,3
462,26,3
463,26,3
464,26,3
465,26,3
466,26,3
467,26,3
468,26,3
469,26,3
470,26,3
471,26,3
472,26,3
473,27,3
474,27,3
475,27,3
476,27,3
477,27,3
478,27,3
479,27,3
480,27,3
481,1,3
482,1,3
483,1,3
484,1,3
485,28,3
486,28,3
487,28,3
488,28,3
489,28,3
490,28,3
491,28,3
492,28,3
493,28,3
494,28,3
495,28,3
496,28,3
497,28,3
498,28,3
499,28,3
500,28,3
501,29,3
502,29,3
503,29,3
504,29,3
505,30,3
506,30,3
507,30,3
508,30,3
509,31,3
510,31,3
511,31,3
512,31,3
513,1,3
514,1,3
515,1,3
516,1,3
517,1,3
518,1,3
519,1,3
520,1,3
521,1,3
522,1,3
523,1,3
524,1,3
525,1,3
526,1,3
527,1,3
528,1,3
529,1,3
530,1,3
531,1,3
532,1,3
533,1,3
534,1,3
535,1,3
536,1,3
537,1,3
538,1,3
539,1,3
540,1,3
541,1,3
542,1,3
543,1,3
544,1,3
545,1,3
546,1,3
547,1,3
548,1,3
549,1,3
550,1,3
551,1,3
552,1,3
553,1,3
554,1,3
555,1,3
556,1,3
557,1,3
558,1,3
559,1,3
560,1,3
561,1,3
562,1,3
563,1,3
564,1,3
565,1,3
566,1,3
567,1,3
568,1,3
569,1,3
570,1,3
571,1,3
572,1,3
573,1,3
574,1,3
575,1,3
576,1,3
577,1,3
578,1,3
579,1,3
580,1,3
581,32,3
582,32,3
583,32,3
584,32,3
585,32,3
586,32,3
587,32,3
588,32,3
589,32,3
590,32,3
591,32,3
592,32,3
593,32,3
594,32,3
595,32,3
596,32,3
597,33,3
598,33,3
599,33,3
600,33,3
601,1,3
602,1,3
603,1,3
604,1,3
605,34,3
606,34,3
607,34,3
608,34,3
609,1,3
610,1,3
611,1,3
612,1,3
613,35,3
614,35,3
615,35,3
616,35,3
617,36,3
618,36,3
619,36,3
620,36,3
621,36,3
622,36,3
623,36,3
624,36,3
625,36,3
626,36,3
627,36,3
628,36,3
629,36,3
630,36,3
631,36,3
632,36,3
633,36,3
634,36,3
635,36,3
636,36,3
637,36,3
638,36,3
639,36,3
640,36,3
641,36,3
642,36,3
643,36,3
644,36,3
645,36,3
646,36,3
647,36,3
648,36,3
649,36,3
650,36,3
651,36,3
652,36,3
653,1,3
654,1,3
655,1,3
656,1,3
657,36,3
658,36,3
659,36,3
660,36,3
661,36,3
662,36,3
663,36,3
664,36,3
665,36,3
666,36,3
667,36,3
668,36,3
669,36,3
670,36,3
671,36,3
672,36,3
673,36,3
674,36,3
675,36,3
676,36,3
677,36,3
678,36,3
679,36,3
680,36,3
681,36,3
682,36,3
683,36,3
684,36,3
685,36,3
686,36,3
687,36,3
688,36,3
689,36,3
690,36,3
691,36,3
692,36,3
693,36,3
694,36,3
695,36,3
696,36,3
697,1,3
698,1,3
699,1,3
700,1,3
701,36,3
702,36,3
703,36,3
704,36,3
705,1,3
706,1,3
707,1,3
708,1,3
709,1,3
710,1,3
711,1,3
712,1,3
713,1,3
714,1,3
715,1,3
716,1,3
717,1,3
718,1,3
719,1,3
720,1,3
721,1,3
722,1,3
723,1,3
724,1,3
725,37,3
726,37,3
727,37,3
728,37,3
729,38,3
730,38,3
731,38,3
732,38,3
733,1,3
734,1,3
735,1,3
736,1,3
737,38,3
738,38,3
739,38,3
740,38,3
741,39,3
742,39,3
743,39,3
744,39,3
745,40,3
746,40,3
747,40,3
748,40,3
749,41,3
750,41,3
751,41,3
752,41,3
753,42,3
754,42,3
755,42,3
756,42,3
757,38,3
758,38,3
759,38,3
760,38,3
761,43,3
762,43,3
763,43,3
764,43,3
765,44,3
766,44,3
767,44,3
768,44,3
769,37,3
770,37,3
771,37,3
772,37,3
773,45,3
774,45,3
775,45,3
776,45,3
777,1,3
778,1,3
779,1,3
780,1,3
781,1,3
782,1,3
783,1,3
784,1,3
785,1,3
786,1,3
787,1,3
788,1,3
789,46,3
790,46,3
791,46,3
792,46,3
793,47,3
794,47,3
795,47,3
796,47,3
797,48,3
798,48,3
799,48,3
800,48,3
801,49,3
802,49,3
803,49,3
804,49,3
805,49,3
806,49,3
807,49,3
808,49,3
809,50,3
810,50,3
811,50,3
812,50,3
813,51,3
814,51,3
815,51,3
816,51,3
817,50,3
818,50,3
819,50,3
820,50,3
821,1,3
822,1,3
823,1,3
824,1,3
825,52,3
826,52,3
827,52,3
828,52,3
829,50,3
830,50,3
831,50,3
832,50,3
833,50,3
834,50,3
835,50,3
836,50,3
837,47,3
838,47,3
839,47,3
840,47,3
841,47,3
842,47,3
843,47,3
844,47,3
845,47,3
846,47,3
847,47,3
848,47,3
849,47,3
850,47,3
851,47,3
852,47,3
853,47,3
854,47,3
855,47,3
856,47,3
857,47,3
858,47,3
859,47,3
860,47,3
861,53,3
862,53,3
863,53,3
864,53,3
865,1,3
866,1,3
867,1,3
868,1,3
869,1,3
870,1,3
871,1,3
872,1,3
873,53,3
874,53,3
875,53,3
876,53,3
877,53,3
878,53,3
879,53,3
880,53,3
881,53,3
882,53,3
883,53,3
884,53,3
885,53,3
886,53,3
887,53,3
888,53,3
889,54,3
890,54,3
891,54,3
892,54,3
893,50,3
894,50,3
895,50,3
896,50,3
897,55,3
898,55,3
899,55,3
900,55,3
901,56,3
902,56,3
903,56,3
904,56,3
905,57,3
906,57,3
907,57,3
908,57,3
909,46,3
910,46,3
911,46,3
912,46,3
913,1,3
914,1,3
915,1,3
916,1,3
917,46,3
918,46,3
919,46,3
920,46,3
921,50,3
922,50,3
923,50,3
924,50,3
925,50,3
926,50,3
927,50,3
928,50,3
929,58,3
930,58,3
931,58,3
932,58,3
933,58,3
934,58,3
935,58,3
936,58,3
937,59,3
938,59,3
939,59,3
940,59,3
941,46,3
942,46,3
943,46,3
944,46,3
945,60,3
946,60,3
947,60,3
948,60,3
949,61,3
950,61,3
951,61,3
952,61,3
953,62,3
954,62,3
955,62,3
956,62,3
957,1,3
958,1,3
959,1,3
960,1,3
961,62,3
962,62,3
963,62,3
964,62,3
965,63,3
966,63,3
967,63,3
968,63,3
969,63,3
970,63,3
971,63,3
972,63,3
973,63,3
974,63,3
975,63,3
976,63,3
977,64,3
978,64,3
979,64,3
980,64,3
981,65,3
982,65,3
983,65,3
984,65,3
985,66,3
986,66,3
987,66,3
988,66,3
989,47,3
990,47,3
991,47,3
992,47,3
993,50,3
994,50,3
995,50,3
996,50,3
997,67,3
998,67,3
999,67,3
1000,67,3
1001,1,3
1002,1,3
1003,1,3
1004,1,3
1005,68,3
1006,68,3
1007,68,3
1008,68,3
1009,69,3
1010,69,3
1011,69,3
1012,69,3
1013,69,3
1014,69,3
1015,69,3
1016,69,3
1017,69,3
1018,69,3
1019,69,3
1020,69,3
1021,70,3
1022,70,3
1023,70,3
1024,70,3
1025,68,3
1026,68,3
1027,68,3
1028,68,3
1029,71,3
1030,71,3
1031,71,3
1032,71,3
1033,72,3
1034,72,3
1035,72,3
1036,72,3
1037,72,3
1038,72,3
1039,72,3
1040,72,3
1041,1,3
1042,1,3
1043,1,3
1044,1,3
1045,1,3
1046,1,3
1047,1,3
1048,1,3
1049,1,3
1050,1,3
1051,1,3
1052,1,3
1053,1,3
1054,1,3
1055,1,3
1056,1,3
1057,1,3
1058,1,3
1059,1,3
1060,1,3
1061,1,3
1062,1,3
1063,1,3
1064,1,3
1065,1,3
1066,1,3
1067,1,3
1068,1,3
1069,1,3
1070,1,3
1071,1,3
1072,1,3
1073,1,3
1074,1,3
1075,1,3
1076,1,3
1077,1,3
1078,1,3
1079,1,3
1080,1,3
1081,1,3
1082,1,3
1083,1,3
1084,1,3
1085,1,3
1086,1,3
1087,1,3
1088,1,3
1089,1,3
1090,1,3
1091,1,3
1092,1,3
1093,73,3
1094,73,3
1095,73,3
1096,73,3
1097,74,3
1098,74,3
1099,74,3
1100,74,3
1101,75,3
1102,75,3
1103,75,3
1104,75,3
1105,1,3
1106,1,3
1107,1,3
1108,1,3
1109,1,3
1110,1,3
1111,1,3
1112,1,3
1113,1,3
1114,1,3
1115,1,3
1116,1,3
1117,74,3
1118,74,3
1119,74,3
1120,74,3
1121,76,3
1122,76,3
1123,76,3
1124,76,3
1125,1,3
1126,1,3
1127,1,3
1128,1,3
1129,1,3
1130,1,3
1131,1,3
1132,1,3
1133,1,3
1134,1,3
1135,1,3
1136,1,3
1137,1,3
1138,1,3
1139,1,3
1140,1,3
1141,1,3
1142,1,3
1143,1,3
1144,1,3
1145,1,3
1146,1,3
1147,1,3
1148,1,3
1149,1,3
1150,1,3
1151,1,3
1152,1,3
1153,1,3
1154,1,3
1155,1,3
1156,1,3
1157,1,3
1158,1,3
1159,1,3
1160,1,3
1161,1,3
1162,1,3
1163,1,3
1164,1,3
1165,1,3
1166,1,3
1167,1,3
1168,1,3
1169,1,3
1170,1,3
1171,1,3
1172,1,3
1173,1,3
1174,1,3
1175,1,3
1176,1,3
1177,1,3
1178,1,3
1179,1,3
1180,1,3
1181,1,3
1182,1,3
1183,1,3
1184,1,3
1185,1,3
1186,1,3
1187,1,3
1188,1,3
1189,1,3
1190,1,3
1191,1,3
1192,1,3
1193,1,3
1194,1,3
1195,1,3
1196,1,3
1197,1,3
1198,1,3
1199,1,3
1200,1,3
1201,1,3
1202,1,3
1203,1,3
1204,1,3
1205,1,3
1206,1,3
1207,1,3
1208,1,3
1209,1,3
1210,1,3
1211,1,3
1212,1,3
1213,77,3
1214,77,3
1215,77,3
1216,77,3
1217,36,3
1218,36,3
1219,36,3
1220,36,3
1221,1,3
1222,1,3
1223,1,3
1224,1,3
1225,36,3
1226,36,3
1227,36,3
1228,36,3
1229,1,3
1230,1,3
1231,1,3
1232,1,3
1233,1,3
1234,1,3
1235,1,3
1236,1,3
1237,1,3
1238,1,3
1239,1,3
1240,1,3
1241,1,3
1242,1,3
1243,1,3
1244,1,3
1245,1,3
1246,1,3
1247,1,3
1248,1,3
1249,1,3
1250,1,3
1251,1,3
1252,1,3
1253,69,3
1254,69,3
1255,69,3
1256,69,3
1257,1,3
1258,1,3
1259,1,3
1260,1,3
1261,78,3
1262,78,3
1263,78,3
1264,78,3
1265,1,3
1266,1,3
1267,1,3
1268,1,3
1269,36,3
1270,36,3
1271,36,3
1272,36,3
1273,1,3
1274,1,3
1275,1,3
1276,1,3
1277,1,3
1278,1,3
1279,1,3
1280,1,3
1281,1,3
1282,1,3
1283,1,3
1284,1,3
1285,79,3
1286,79,3
1287,79,3
1288,79,3
1289,80,3
1290,80,3
1291,80,3
1292,80,3
1293,1,3
1294,1,3
1295,1,3
1296,1,3
1297,1,3
1298,1,3
1299,1,3
1300,1,3
1301,36,3
1302,36,3
1303,36,3
1304,36,3
1305,1,3
1306,1,3
1307,1,3
1308,1,3
1309,1,3
1310,1,3
1311,1,3
1312,1,3
1313,1,3
1314,1,3
1315,1,3
1316,1,3
1317,7,3
1318,7,3
1319,7,3
1320,7,3
1321,3,3
1322,3,3
1323,3,3
1324,3,3
1325,3,3
1326,3,3
1327,3,3
1328,3,3
1329,81,3
1330,81,3
1331,81,3
1332,81,3
1333,81,3
1334,81,3
1335,81,3
1336,81,3
1337,1,3
1338,1,3
1339,1,3
1340,1,3
1341,1,3
1342,1,3
1343,1,3
1344,1,3
1345,1,3
1346,1,3
1347,1,3
1348,1,3
1349,21,3
1350,21,3
1351,21,3
1352,21,3
1353,23,3
1354,23,3
1355,23,3
1356,23,3
1357,1,3
1358,1,3
1359,1,3
1360,1,3
1361,1,3
1362,1,3
1363,1,3
1364,1,3
1365,1,3
1366,1,3
1367,1,3
1368,1,3
1369,1,3
1370,1,3
1371,1,3
1372,1,3
1373,1,3
1374,1,3
1375,1,3
1376,1,3
1377,1,3
1378,1,3
1379,1,3
1380,1,3
1381,1,3
1382,1,3
1383,1,3
1384,1,3
1385,1,3
1386,1,3
1387,1,3
1388,1,3
1389,1,3
1390,1,3
1391,1,3
1392,1,3
1393,1,3
1394,1,3
1395,1,3
1396,1,3
1397,1,3
1398,1,3
1399,1,3
1400,1,3
1401,1,3
1402,1,3
1403,1,3
1404,1,3
1405,1,3
1406,1,3
1407,1,3
1408,1,3
1409,1,3
1410,1,3
1411,1,3
1412,1,3
1413,1,3
1414,1,3
1415,1,3
1416,1,3
1417,1,3
1418,1,3
1419,1,3
1420,1,3
1421,1,3
1422,1,3
1423,1,3
1424,1,3
1425,1,3
1426,1,3
1427,1,3
1428,1,3
1429,1,3
1430,1,3
1431,1,3
1432,1,3
1433,1,3
1434,1,3
1435,1,3
1436,1,3
1437,1,3
1438,1,3
1439,1,3
1440,1,3
1441,36,3
1442,36,3
1443,36,3
1444,36,3
1445,1,3
1446,1,3
1447,1,3
1448,1,3
1449,1,3
1450,1,3
1451,1,3
1452,1,3
1453,15,3
1454,15,3
1455,15,3
1456,15,3
1457,1,3
1458,1,3
1459,1,3
1460,1,3
1461,1,3
1462,1,3
1463,1,3
1464,1,3
1465,1,3
1466,1,3
1467,1,3
1468,1,3
1469,1,3
1470,1,3
1471,1,3
1472,1,3
1473,1,3
1474,1,3
1475,1,3
1476,1,3
1477,1,3
1478,1,3
1479,1,3
1480,1,3
1481,1,3
1482,1,3
1483,1,3
1484,1,3
1485,1,3
1486,1,3
1487,1,3
1488,1,3
1489,1,3
1490,1,3
1491,1,3
1492,1,3
1493,1,3
1494,1,3
1495,1,3
1496,1,3
1497,1,3
1498,1,3
1499,1,3
1500,1,3
1501,1,3
1502,1,3
1503,1,3
1504,1,3
1505,1,3
1506,1,3
1507,1,3
1508,1,3
1509,22,3
1510,22,3
1511,22,3
1512,22,3
1513,1,3
1514,1,3
1515,1,3
1516,1,3
1517,1,3
1518,1,3
1519,1,3
1520,1,3
1521,1,3
1522,1,3
1523,1,3
1524,1,3
1525,1,3
1526,1,3
1527,1,3
1528,1,3
1529,1,3
1530,1,3
1531,1,3
1532,1,3
1533,1,3
1534,1,3
1535,1,3
1536,1,3
1537,1,3
1538,1,3
1539,1,3
1540,1,3
1541,1,3
1542,1,3
1543,1,3
1544,1,3
1545,1,3
1546,1,3
1547,1,3
1548,1,3
1549,1,3
1550,1,3
1551,1,3
1552,1,3
1553,1,3
1554,1,3
1555,1,3
1556,1,3
1557,1,3
1558,1,3
1559,1,3
1560,1,3
1561,1,3
1562,1,3
1563,1,3
1564,1,3
1565,1,3
1566,1,3
1567,1,3
1568,1,3
1569,1,3
1570,1,3
1571,1,3
1572,1,3
1573,1,3
1574,1,3
1575,1,3
1576,1,3
1577,1,3
1578,1,3
1579,1,3
1580,1,3
1581,1,3
1582,1,3
1583,1,3
1584,1,3
1585,1,3
1586,1,3
1587,1,3
1588,1,3
1589,1,3
1590,1,3
1591,1,3
1592,1,3
1593,1,3
1594,1,3
1595,1,3
1596,1,3
1597,1,3
1598,1,3
1599,1,3
1600,1,3
1601,1,3
1602,1,3
1603,1,3
1604,1,3
1605,1,3
1606,1,3
1607,1,3
1608,1,3
1609,1,3
1610,1,3
1611,1,3
1612,1,3
1613,1,3
1614,1,3
1615,1,3
1616,1,3
1617,1,3
1618,1,3
1619,1,3
1620,1,3
1621,1,3
1622,1,3
1623,1,3
1624,1,3
1625,1,3
1626,1,3
1627,1,3
1628,1,3
1629,1,3
1630,1,3
1631,1,3
1632,1,3
1633,1,3
1634,1,3
1635,1,3
1636,1,3
1637,1,3
1638,1,3
1639,1,3
1640,1,3
1641,1,3
1642,1,3
1643,1,3
1644,1,3
1645,1,3
1646,1,3
1647,1,3
1648,1,3
1649,1,3
1650,1,3
1651,1,3
1652,1,3
1653,1,3
1654,1,3
1655,1,3
1656,1,3
1657,1,3
1658,1,3
1659,1,3
1660,1,3
1661,1,3
1662,1,3
1663,1,3
1664,1,3
1665,1,3
1666,1,3
1667,1,3
1668,1,3
1669,1,3
1670,1,3
1671,1,3
1672,1,3
1673,1,3
1674,1,3
1675,1,3
1676,1,3
1677,1,3
1678,1,3
1679,1,3
1680,1,3
1681,1,3
1682,1,3
1683,1,3
1684,1,3
1685,1,3
1686,1,3
1687,1,3
1688,1,3
1689,1,3
1690,1,3
1691,1,3
1692,1,3
1693,1,3
1694,1,3
1695,1,3
1696,1,3
1697,1,3
1698,1,3
1699,1,3
1700,1,3
1701,1,3
1702,1,3
1703,1,3
1704,1,3
1705,1,3
1706,1,3
1707,1,3
1708,1,3
1709,1,3
1710,1,3
1711,1,3
1712,1,3
1713,1,3
1714,1,3
1715,1,3
1716,1,3
1717,1,3
1718,1,3
1719,1,3
1720,1,3
1721,1,3
1722,1,3
1723,1,3
1724,1,3
1725,1,3
1726,1,3
1727,1,3
1728,1,3
1729,1,3
1730,1,3
1731,1,3
1732,1,3
1733,1,3
1734,1,3
1735,1,3
1736,1,3
1737,1,3
1738,1,3
1739,1,3
1740,1,3
1741,1,3
1742,1,3
1743,1,3
1744,1,3
1745,1,3
1746,1,3
1747,1,3
1748,1,3
1749,1,3
1750,1,3
1751,1,3
1752,1,3
1753,1,3
1754,1,3
1755,1,3
1756,1,3
1757,1,3
1758,1,3
1759,1,3
1760,1,3
1761,1,3
1762,1,3
1763,1,3
1764,1,3
1765,1,3
1766,1,3
1767,1,3
1768,1,3
1769,1,3
1770,1,3
1771,1,3
1772,1,3
1773,2,3
1774,2,3
1775,2,3
1776,2,3
1777,3,3
1778,3,3
1779,3,3
1780,3,3
1781,2,3
1782,2,3
1783,2,3
1784,2,3
1785,3,3
1786,3,3
1787,3,3
1788,3,3
1,1,4
2,1,4
3,1,4
4,1,4
5,2,4
6,2,4
7,2,4
8,2,4
9,2,4
10,2,4
11,2,4
12,2,4
13,2,4
14,2,4
15,2,4
16,2,4
17,2,4
18,2,4
19,2,4
20,2,4
21,2,4
22,2,4
23,2,4
24,2,4
25,2,4
26,2,4
27,2,4
28,2,4
29,3,4
30,3,4
31,3,4
32,3,4
33,3,4
34,3,4
35,3,4
36,3,4
37,3,4
38,3,4
39,3,4
40,3,4
41,3,4
42,3,4
43,3,4
44,3,4
45,1,4
46,1,4
47,1,4
48,1,4
49,3,4
50,3,4
51,3,4
52,3,4
53,3,4
54,3,4
55,3,4
56,3,4
57,3,4
58,3,4
59,3,4
60,3,4
61,3,4
62,3,4
63,3,4
64,3,4
65,3,4
66,3,4
67,3,4
68,3,4
69,3,4
70,3,4
71,3,4
72,3,4
73,3,4
74,3,4
75,3,4
76,3,4
77,3,4
78,3,4
79,3,4
80,3,4
81,3,4
82,3,4
83,3,4
84,3,4
85,3,4
86,3,4
87,3,4
88,3,4
89,3,4
90,3,4
91,3,4
92,3,4
93,3,4
94,3,4
95,3,4
96,3,4
97,3,4
98,3,4
99,3,4
100,3,4
101,3,4
102,3,4
103,3,4
104,3,4
105,3,4
106,3,4
107,3,4
108,3,4
109,3,4
110,3,4
111,3,4
112,3,4
113,3,4
114,3,4
115,3,4
116,3,4
117,3,4
118,3,4
119,3,4
120,3,4
121,3,4
122,3,4
123,3,4
124,3,4
125,3,4
126,3,4
127,3,4
128,3,4
129,1,4
130,1,4
131,1,4
132,1,4
133,3,4
134,3,4
135,3,4
136,3,4
137,3,4
138,3,4
139,3,4
140,3,4
141,3,4
142,3,4
143,3,4
144,3,4
145,3,4
146,3,4
147,3,4
148,3,4
149,3,4
150,3,4
151,3,4
152,3,4
153,3,4
154,3,4
155,3,4
156,3,4
157,3,4
158,3,4
159,3,4
160,3,4
161,3,4
162,3,4
163,3,4
164,3,4
165,3,4
166,3,4
167,3,4
168,3,4
169,3,4
170,3,4
171,3,4
172,3,4
173,1,4
174,1,4
175,1,4
176,1,4
177,3,4
178,3,4
179,3,4
180,3,4
181,3,4
182,3,4
183,3,4
184,3,4
185,3,4
186,3,4
187,3,4
188,3,4
189,3,4
190,3,4
191,3,4
192,3,4
193,3,4
194,3,4
195,3,4
196,3,4
197,3,4
198,3,4
199,3,4
200,3,4
201,3,4
202,3,4
203,3,4
204,3,4
205,3,4
206,3,4
207,3,4
208,3,4
209,3,4
210,3,4
211,3,4
212,3,4
213,3,4
214,3,4
215,3,4
216,3,4
217,1,4
218,1,4
219,1,4
220,1,4
221,3,4
222,3,4
223,3,4
224,3,4
225,3,4
226,3,4
227,3,4
228,3,4
229,3,4
230,3,4
231,3,4
232,3,4
233,3,4
234,3,4
235,3,4
236,3,4
237,3,4
238,3,4
239,3,4
240,3,4
241,3,4
242,3,4
243,3,4
244,3,4
245,3,4
246,3,4
247,3,4
248,3,4
249,3,4
250,3,4
251,3,4
252,3,4
253,3,4
254,3,4
255,3,4
256,3,4
257,3,4
258,3,4
259,3,4
260,3,4
261,1,4
262,1,4
263,1,4
264,1,4
265,3,4
266,3,4
267,3,4
268,3,4
269,3,4
270,3,4
271,3,4
272,3,4
273,3,4
274,3,4
275,3,4
276,3,4
277,3,4
278,3,4
279,3,4
280,3,4
281,1,4
282,1,4
283,1,4
284,1,4
285,3,4
286,3,4
287,3,4
288,3,4
289,4,4
290,4,4
291,4,4
292,4,4
293,4,4
294,4,4
295,4,4
296,4,4
297,4,4
298,4,4
299,4,4
300,4,4
301,4,4
302,4,4
303,4,4
304,4,4
305,1,4
306,1,4
307,1,4
308,1,4
309,4,4
310,4,4
311,4,4
312,4,4
313,4,4
314,4,4
315,4,4
316,4,4
317,4,4
318,4,4
319,4,4
320,4,4
321,4,4
322,4,4
323,4,4
324,4,4
325,4,4
326,4,4
327,4,4
328,4,4
329,1,4
330,1,4
331,1,4
332,1,4
333,1,4
334,1,4
335,1,4
336,1,4
337,1,4
338,1,4
339,1,4
340,1,4
341,1,4
342,1,4
343,1,4
344,1,4
345,1,4
346,1,4
347,1,4
348,1,4
349,1,4
350,1,4
351,1,4
352,1,4
353,1,4
354,1,4
355,1,4
356,1,4
357,1,4
358,1,4
359,1,4
360,1,4
361,1,4
362,1,4
363,1,4
364,1,4
365,1,4
366,1,4
367,1,4
368,1,4
369,1,4
370,1,4
371,1,4
372,1,4
373,1,4
374,1,4
375,1,4
376,1,4
377,1,4
378,1,4
379,1,4
380,1,4
381,1,4
382,1,4
383,1,4
384,1,4
385,1,4
386,1,4
387,1,4
388,1,4
389,1,4
390,1,4
391,1,4
392,1,4
393,1,4
394,1,4
395,1,4
396,1,4
397,1,4
398,1,4
399,1,4
400,1,4
401,1,4
402,1,4
403,1,4
404,1,4
405,1,4
406,1,4
407,1,4
408,1,4
409,1,4
410,1,4
411,1,4
412,1,4
413,1,4
414,1,4
415,1,4
416,1,4
417,1,4
418,1,4
419,1,4
420,1,4
421,1,4
422,1,4
423,1,4
424,1,4
425,1,4
426,1,4
427,1,4
428,1,4
429,1,4
430,1,4
431,1,4
432,1,4
433,1,4
434,1,4
435,1,4
436,1,4
437,1,4
438,1,4
439,1,4
440,1,4
441,1,4
442,1,4
443,1,4
444,1,4
445,1,4
446,1,4
447,1,4
448,1,4
449,1,4
450,1,4
451,1,4
452,1,4
453,5,4
454,5,4
455,5,4
456,5,4
457,5,4
458,5,4
459,5,4
460,5,4
461,5,4
462,5,4
463,5,4
464,5,4
465,5,4
466,5,4
467,5,4
468,5,4
469,5,4
470,5,4
471,5,4
472,5,4
473,5,4
474,5,4
475,5,4
476,5,4
477,5,4
478,5,4
479,5,4
480,5,4
481,1,4
482,1,4
483,1,4
484,1,4
485,6,4
486,6,4
487,6,4
488,6,4
489,6,4
490,6,4
491,6,4
492,6,4
493,6,4
494,6,4
495,6,4
496,6,4
497,6,4
498,6,4
499,6,4
500,6,4
501,6,4
502,6,4
503,6,4
504,6,4
505,6,4
506,6,4
507,6,4
508,6,4
509,6,4
510,6,4
511,6,4
512,6,4
513,1,4
514,1,4
515,1,4
516,1,4
517,1,4
518,1,4
519,1,4
520,1,4
521,1,4
522,1,4
523,1,4
524,1,4
525,1,4
526,1,4
527,1,4
528,1,4
529,1,4
530,1,4
531,1,4
532,1,4
533,1,4
534,1,4
535,1,4
536,1,4
537,1,4
538,1,4
539,1,4
540,1,4
541,1,4
542,1,4
543,1,4
544,1,4
545,1,4
546,1,4
547,1,4
548,1,4
549,1,4
550,1,4
551,1,4
552,1,4
553,1,4
554,1,4
555,1,4
556,1,4
557,1,4
558,1,4
559,1,4
560,1,4
561,1,4
562,1,4
563,1,4
564,1,4
565,1,4
566,1,4
567,1,4
568,1,4
569,1,4
570,1,4
571,1,4
572,1,4
573,1,4
574,1,4
575,1,4
576,1,4
577,1,4
578,1,4
579,1,4
580,1,4
581,7,4
582,7,4
583,7,4
584,7,4
585,7,4
586,7,4
587,7,4
588,7,4
589,7,4
590,7,4
591,7,4
592,7,4
593,7,4
594,7,4
595,7,4
596,7,4
597,8,4
598,8,4
599,8,4
600,8,4
601,1,4
602,1,4
603,1,4
604,1,4
605,9,4
606,9,4
607,9,4
608,9,4
609,1,4
610,1,4
611,1,4
612,1,4
613,9,4
614,9,4
615,9,4
616,9,4
617,9,4
618,9,4
619,9,4
620,9,4
621,9,4
622,9,4
623,9,4
624,9,4
625,9,4
626,9,4
627,9,4
628,9,4
629,9,4
630,9,4
631,9,4
632,9,4
633,9,4
634,9,4
635,9,4
636,9,4
637,9,4
638,9,4
639,9,4
640,9,4
641,9,4
642,9,4
643,9,4
644,9,4
645,9,4
646,9,4
647,9,4
648,9,4
649,9,4
650,9,4
651,9,4
652,9,4
653,1,4
654,1,4
655,1,4
656,1,4
657,9,4
658,9,4
659,9,4
660,9,4
661,9,4
662,9,4
663,9,4
664,9,4
665,9,4
666,9,4
667,9,4
668,9,4
669,9,4
670,9,4
671,9,4
672,9,4
673,9,4
674,9,4
675,9,4
676,9,4
677,9,4
678,9,4
679,9,4
680,9,4
681,9,4
682,9,4
683,9,4
684,9,4
685,9,4
686,9,4
687,9,4
688,9,4
689,9,4
690,9,4
691,9,4
692,9,4
693,9,4
694,9,4
695,9,4
696,9,4
697,1,4
698,1,4
699,1,4
700,1,4
701,9,4
702,9,4
703,9,4
704,9,4
705,1,4
706,1,4
707,1,4
708,1,4
709,1,4
710,1,4
711,1,4
712,1,4
713,1,4
714,1,4
715,1,4
716,1,4
717,1,4
718,1,4
719,1,4
720,1,4
721,1,4
722,1,4
723,1,4
724,1,4
725,10,4
726,10,4
727,10,4
728,10,4
729,10,4
730,10,4
731,10,4
732,10,4
733,1,4
734,1,4
735,1,4
736,1,4
737,10,4
738,10,4
739,10,4
740,10,4
741,10,4
742,10,4
743,10,4
744,10,4
745,10,4
746,10,4
747,10,4
748,10,4
749,10,4
750,10,4
751,10,4
752,10,4
753,10,4
754,10,4
755,10,4
756,10,4
757,10,4
758,10,4
759,10,4
760,10,4
761,10,4
762,10,4
763,10,4
764,10,4
765,10,4
766,10,4
767,10,4
768,10,4
769,10,4
770,10,4
771,10,4
772,10,4
773,11,4
774,11,4
775,11,4
776,11,4
777,1,4
778,1,4
779,1,4
780,1,4
781,1,4
782,1,4
783,1,4
784,1,4
785,1,4
786,1,4
787,1,4
788,1,4
789,12,4
790,12,4
791,12,4
792,12,4
793,12,4
794,12,4
795,12,4
796,12,4
797,12,4
798,12,4
799,12,4
800,12,4
801,12,4
802,12,4
803,12,4
804,12,4
805,12,4
806,12,4
807,12,4
808,12,4
809,12,4
810,12,4
811,12,4
812,12,4
813,12,4
814,12,4
815,12,4
816,12,4
817,12,4
818,12,4
819,12,4
820,12,4
821,1,4
822,1,4
823,1,4
824,1,4
825,12,4
826,12,4
827,12,4
828,12,4
829,12,4
830,12,4
831,12,4
832,12,4
833,12,4
834,12,4
835,12,4
836,12,4
837,12,4
838,12,4
839,12,4
840,12,4
841,12,4
842,12,4
843,12,4
844,12,4
845,12,4
846,12,4
847,12,4
848,12,4
849,12,4
850,12,4
851,12,4
852,12,4
853,12,4
854,12,4
855,12,4
856,12,4
857,12,4
858,12,4
859,12,4
860,12,4
861,12,4
862,12,4
863,12,4
864,12,4
865,1,4
866,1,4
867,1,4
868,1,4
869,1,4
870,1,4
871,1,4
872,1,4
873,12,4
874,12,4
875,12,4
876,12,4
877,12,4
878,12,4
879,12,4
880,12,4
881,12,4
882,12,4
883,12,4
884,12,4
885,12,4
886,12,4
887,12,4
888,12,4
889,12,4
890,12,4
891,12,4
892,12,4
893,12,4
894,12,4
895,12,4
896,12,4
897,12,4
898,12,4
899,12,4
900,12,4
901,12,4
902,12,4
903,12,4
904,12,4
905,12,4
906,12,4
907,12,4
908,12,4
909,12,4
910,12,4
911,12,4
912,12,4
913,1,4
914,1,4
915,1,4
916,1,4
917,12,4
918,12,4
919,12,4
920,12,4
921,12,4
922,12,4
923,12,4
924,12,4
925,12,4
926,12,4
927,12,4
928,12,4
929,12,4
930,12,4
931,12,4
932,12,4
933,12,4
934,12,4
935,12,4
936,12,4
937,12,4
938,12,4
939,12,4
940,12,4
941,12,4
942,12,4
943,12,4
944,12,4
945,12,4
946,12,4
947,12,4
948,12,4
949,12,4
950,12,4
951,12,4
952,12,4
953,12,4
954,12,4
955,12,4
956,12,4
957,1,4
958,1,4
959,1,4
960,1,4
961,12,4
962,12,4
963,12,4
964,12,4
965,12,4
966,12,4
967,12,4
968,12,4
969,12,4
970,12,4
971,12,4
972,12,4
973,12,4
974,12,4
975,12,4
976,12,4
977,12,4
978,12,4
979,12,4
980,12,4
981,12,4
982,12,4
983,12,4
984,12,4
985,12,4
986,12,4
987,12,4
988,12,4
989,12,4
990,12,4
991,12,4
992,12,4
993,12,4
994,12,4
995,12,4
996,12,4
997,13,4
998,13,4
999,13,4
1000,13,4
1001,1,4
1002,1,4
1003,1,4
1004,1,4
1005,13,4
1006,13,4
1007,13,4
1008,13,4
1009,13,4
1010,13,4
1011,13,4
1012,13,4
1013,13,4
1014,13,4
1015,13,4
1016,13,4
1017,13,4
1018,13,4
1019,13,4
1020,13,4
1021,13,4
1022,13,4
1023,13,4
1024,13,4
1025,13,4
1026,13,4
1027,13,4
1028,13,4
1029,13,4
1030,13,4
1031,13,4
1032,13,4
1033,13,4
1034,13,4
1035,13,4
1036,13,4
1037,13,4
1038,13,4
1039,13,4
1040,13,4
1041,1,4
1042,1,4
1043,1,4
1044,1,4
1045,1,4
1046,1,4
1047,1,4
1048,1,4
1049,1,4
1050,1,4
1051,1,4
1052,1,4
1053,1,4
1054,1,4
1055,1,4
1056,1,4
1057,1,4
1058,1,4
1059,1,4
1060,1,4
1061,1,4
1062,1,4
1063,1,4
1064,1,4
1065,1,4
1066,1,4
1067,1,4
1068,1,4
1069,1,4
1070,1,4
1071,1,4
1072,1,4
1073,1,4
1074,1,4
1075,1,4
1076,1,4
1077,1,4
1078,1,4
1079,1,4
1080,1,4
1081,1,4
1082,1,4
1083,1,4
1084,1,4
1085,1,4
1086,1,4
1087,1,4
1088,1,4
1089,1,4
1090,1,4
1091,1,4
1092,1,4
1093,14,4
1094,14,4
1095,14,4
1096,14,4
1097,6,4
1098,6,4
1099,6,4
1100,6,4
1101,15,4
1102,15,4
1103,15,4
1104,15,4
1105,1,4
1106,1,4
1107,1,4
1108,1,4
1109,1,4
1110,1,4
1111,1,4
1112,1,4
1113,1,4
1114,1,4
1115,1,4
1116,1,4
1117,6,4
1118,6,4
1119,6,4
1120,6,4
1121,5,4
1122,5,4
1123,5,4
1124,5,4
1125,1,4
1126,1,4
1127,1,4
1128,1,4
1129,1,4
1130,1,4
1131,1,4
1132,1,4
1133,1,4
1134,1,4
1135,1,4
1136,1,4
1137,1,4
1138,1,4
1139,1,4
1140,1,4
1141,1,4
1142,1,4
1143,1,4
1144,1,4
1145,1,4
1146,1,4
1147,1,4
1148,1,4
1149,1,4
1150,1,4
1151,1,4
1152,1,4
1153,1,4
1154,1,4
1155,1,4
1156,1,4
1157,1,4
1158,1,4
1159,1,4
1160,1,4
1161,1,4
1162,1,4
1163,1,4
1164,1,4
1165,1,4
1166,1,4
1167,1,4
1168,1,4
1169,1,4
1170,1,4
1171,1,4
1172,1,4
1173,1,4
1174,1,4
1175,1,4
1176,1,4
1177,1,4
1178,1,4
1179,1,4
1180,1,4
1181,1,4
1182,1,4
1183,1,4
1184,1,4
1185,1,4
1186,1,4
1187,1,4
1188,1,4
1189,1,4
1190,1,4
1191,1,4
1192,1,4
1193,1,4
1194,1,4
1195,1,4
1196,1,4
1197,1,4
1198,1,4
1199,1,4
1200,1,4
1201,1,4
1202,1,4
1203,1,4
1204,1,4
1205,1,4
1206,1,4
1207,1,4
1208,1,4
1209,1,4
1210,1,4
1211,1,4
1212,1,4
1213,15,4
1214,15,4
1215,15,4
1216,15,4
1217,9,4
1218,9,4
1219,9,4
1220,9,4
1221,1,4
1222,1,4
1223,1,4
1224,1,4
1225,9,4
1226,9,4
1227,9,4
1228,9,4
1229,1,4
1230,1,4
1231,1,4
1232,1,4
1233,1,4
1234,1,4
1235,1,4
1236,1,4
1237,1,4
1238,1,4
1239,1,4
1240,1,4
1241,1,4
1242,1,4
1243,1,4
1244,1,4
1245,1,4
1246,1,4
1247,1,4
1248,1,4
1249,1,4
1250,1,4
1251,1,4
1252,1,4
1253,13,4
1254,13,4
1255,13,4
1256,13,4
1257,1,4
1258,1,4
1259,1,4
1260,1,4
1261,9,4
1262,9,4
1263,9,4
1264,9,4
1265,1,4
1266,1,4
1267,1,4
1268,1,4
1269,9,4
1270,9,4
1271,9,4
1272,9,4
1273,1,4
1274,1,4
1275,1,4
1276,1,4
1277,1,4
1278,1,4
1279,1,4
1280,1,4
1281,1,4
1282,1,4
1283,1,4
1284,1,4
1285,12,4
1286,12,4
1287,12,4
1288,12,4
1289,11,4
1290,11,4
1291,11,4
1292,11,4
1293,1,4
1294,1,4
1295,1,4
1296,1,4
1297,1,4
1298,1,4
1299,1,4
1300,1,4
1301,9,4
1302,9,4
1303,9,4
1304,9,4
1305,1,4
1306,1,4
1307,1,4
1308,1,4
1309,1,4
1310,1,4
1311,1,4
1312,1,4
1313,1,4
1314,1,4
1315,1,4
1316,1,4
1317,3,4
1318,3,4
1319,3,4
1320,3,4
1321,2,4
1322,2,4
1323,2,4
1324,2,4
1325,2,4
1326,2,4
1327,2,4
1328,2,4
1329,16,4
1330,16,4
1331,16,4
1332,16,4
1333,16,4
1334,16,4
1335,16,4
1336,16,4
1337,1,4
1338,1,4
1339,1,4
1340,1,4
1341,1,4
1342,1,4
1343,1,4
1344,1,4
1345,1,4
1346,1,4
1347,1,4
1348,1,4
1349,4,4
1350,4,4
1351,4,4
1352,4,4
1353,4,4
1354,4,4
1355,4,4
1356,4,4
1357,1,4
1358,1,4
1359,1,4
1360,1,4
1361,1,4
1362,1,4
1363,1,4
1364,1,4
1365,1,4
1366,1,4
1367,1,4
1368,1,4
1369,1,4
1370,1,4
1371,1,4
1372,1,4
1373,1,4
1374,1,4
1375,1,4
1376,1,4
1377,17,4
1378,17,4
1379,17,4
1380,17,4
1381,1,4
1382,1,4
1383,1,4
1384,1,4
1385,1,4
1386,1,4
1387,1,4
1388,1,4
1389,1,4
1390,1,4
1391,1,4
1392,1,4
1393,1,4
1394,1,4
1395,1,4
1396,1,4
1397,1,4
1398,1,4
1399,1,4
1400,1,4
1401,1,4
1402,1,4
1403,1,4
1404,1,4
1405,1,4
1406,1,4
1407,1,4
1408,1,4
1409,15,4
1410,15,4
1411,15,4
1412,15,4
1413,15,4
1414,15,4
1415,15,4
1416,15,4
1417,1,4
1418,1,4
1419,1,4
1420,1,4
1421,12,4
1422,12,4
1423,12,4
1424,12,4
1425,12,4
1426,12,4
1427,12,4
1428,12,4
1429,12,4
1430,12,4
1431,12,4
1432,12,4
1433,1,4
1434,1,4
1435,1,4
1436,1,4
1437,1,4
1438,1,4
1439,1,4
1440,1,4
1441,9,4
1442,9,4
1443,9,4
1444,9,4
1445,1,4
1446,1,4
1447,1,4
1448,1,4
1449,1,4
1450,1,4
1451,1,4
1452,1,4
1453,3,4
1454,3,4
1455,3,4
1456,3,4
1457,1,4
1458,1,4
1459,1,4
1460,1,4
1461,1,4
1462,1,4
1463,1,4
1464,1,4
1465,1,4
1466,1,4
1467,1,4
1468,1,4
1469,1,4
1470,1,4
1471,1,4
1472,1,4
1473,7,4
1474,7,4
1475,7,4
1476,7,4
1477,7,4
1478,7,4
1479,7,4
1480,7,4
1481,1,4
1482,1,4
1483,1,4
1484,1,4
1485,1,4
1486,1,4
1487,1,4
1488,1,4
1489,1,4
1490,1,4
1491,1,4
1492,1,4
1493,1,4
1494,1,4
1495,1,4
1496,1,4
1497,7,4
1498,7,4
1499,7,4
1500,7,4
1501,12,4
1502,12,4
1503,12,4
1504,12,4
1505,1,4
1506,1,4
1507,1,4
1508,1,4
1509,4,4
1510,4,4
1511,4,4
1512,4,4
1513,1,4
1514,1,4
1515,1,4
1516,1,4
1517,18,4
1518,18,4
1519,18,4
1520,18,4
1521,12,4
1522,12,4
1523,12,4
1524,12,4
1525,1,4
1526,1,4
1527,1,4
1528,1,4
1529,1,4
1530,1,4
1531,1,4
1532,1,4
1533,1,4
1534,1,4
1535,1,4
1536,1,4
1537,1,4
1538,1,4
1539,1,4
1540,1,4
1541,3,4
1542,3,4
1543,3,4
1544,3,4
1545,3,4
1546,3,4
1547,3,4
1548,3,4
1549,3,4
1550,3,4
1551,3,4
1552,3,4
1553,1,4
1554,1,4
1555,1,4
1556,1,4
1557,1,4
1558,1,4
1559,1,4
1560,1,4
1561,1,4
1562,1,4
1563,1,4
1564,1,4
1565,1,4
1566,1,4
1567,1,4
1568,1,4
1569,1,4
1570,1,4
1571,1,4
1572,1,4
1573,1,4
1574,1,4
1575,1,4
1576,1,4
1577,1,4
1578,1,4
1579,1,4
1580,1,4
1581,1,4
1582,1,4
1583,1,4
1584,1,4
1585,1,4
1586,1,4
1587,1,4
1588,1,4
1589,1,4
1590,1,4
1591,1,4
1592,1,4
1593,1,4
1594,1,4
1595,1,4
1596,1,4
1597,1,4
1598,1,4
1599,1,4
1600,1,4
1601,1,4
1602,1,4
1603,1,4
1604,1,4
1605,1,4
1606,1,4
1607,1,4
1608,1,4
1609,1,4
1610,1,4
1611,1,4
1612,1,4
1613,1,4
1614,1,4
1615,1,4
1616,1,4
1617,1,4
1618,1,4
1619,1,4
1620,1,4
1621,1,4
1622,1,4
1623,1,4
1624,1,4
1625,1,4
1626,1,4
1627,1,4
1628,1,4
1629,1,4
1630,1,4
1631,1,4
1632,1,4
1633,1,4
1634,1,4
1635,1,4
1636,1,4
1637,1,4
1638,1,4
1639,1,4
1640,1,4
1641,1,4
1642,1,4
1643,1,4
1644,1,4
1645,1,4
1646,1,4
1647,1,4
1648,1,4
1649,1,4
1650,1,4
1651,1,4
1652,1,4
1653,1,4
1654,1,4
1655,1,4
1656,1,4
1657,1,4
1658,1,4
1659,1,4
1660,1,4
1661,1,4
1662,1,4
1663,1,4
1664,1,4
1665,1,4
1666,1,4
1667,1,4
1668,1,4
1669,1,4
1670,1,4
1671,1,4
1672,1,4
1673,1,4
1674,1,4
1675,1,4
1676,1,4
1677,1,4
1678,1,4
1679,1,4
1680,1,4
1681,1,4
1682,1,4
1683,1,4
1684,1,4
1685,1,4
1686,1,4
1687,1,4
1688,1,4
1689,1,4
1690,1,4
1691,1,4
1692,1,4
1693,1,4
1694,1,4
1695,1,4
1696,1,4
1697,1,4
1698,1,4
1699,1,4
1700,1,4
1701,1,4
1702,1,4
1703,1,4
1704,1,4
1705,1,4
1706,1,4
1707,1,4
1708,1,4
1709,1,4
1710,1,4
1711,1,4
1712,1,4
1713,1,4
1714,1,4
1715,1,4
1716,1,4
1717,1,4
1718,1,4
1719,1,4
1720,1,4
1721,1,4
1722,1,4
1723,1,4
1724,1,4
1725,1,4
1726,1,4
1727,1,4
1728,1,4
1729,1,4
1730,1,4
1731,1,4
1732,1,4
1733,1,4
1734,1,4
1735,1,4
1736,1,4
1737,1,4
1738,1,4
1739,1,4
1740,1,4
1741,1,4
1742,1,4
1743,1,4
1744,1,4
1745,1,4
1746,1,4
1747,1,4
1748,1,4
1749,1,4
1750,1,4
1751,1,4
1752,1,4
1753,1,4
1754,1,4
1755,1,4
1756,1,4
1757,1,4
1758,1,4
1759,1,4
1760,1,4
1761,1,4
1762,1,4
1763,1,4
1764,1,4
1765,1,4
1766,1,4
1767,1,4
1768,1,4
1769,1,4
1770,1,4
1771,1,4
1772,1,4
1773,2,4
1774,2,4
1775,2,4
1776,2,4
1777,2,4
1778,2,4
1779,2,4
1780,2,4
1781,2,4
1782,2,4
1783,2,4
1784,2,4
1785,2,4
1786,2,4
1787,2,4
1788,2,4
